TradeIndex,Drawdown,Date
0,0.0,2024-01-01 00:00:00
1,54.30910430775924,2024-01-01 01:00:00
2,168.3933358858078,2024-01-01 02:00:00
3,0.0,2024-01-01 03:00:00
4,0.0,2024-01-01 04:00:00
5,142.36911104005875,2024-01-01 05:00:00
6,22.40104553599899,2024-01-01 06:00:00
7,131.1518580297973,2024-01-01 07:00:00
8,224.8859501796546,2024-01-01 08:00:00
9,172.86945637364337,2024-01-01 09:00:00
10,276.3389048452906,2024-01-01 10:00:00
11,141.394089624755,2024-01-01 11:00:00
12,261.7017496339338,2024-01-01 12:00:00
13,81.11793519189035,2024-01-01 13:00:00
14,0.0,2024-01-01 14:00:00
15,0.0,2024-01-01 15:00:00
16,0.0,2024-01-01 16:00:00
17,0.0,2024-01-01 17:00:00
18,0.0,2024-01-01 18:00:00
19,0.0,2024-01-01 19:00:00
20,0.0,2024-01-01 20:00:00
21,115.05271130753613,2024-01-01 21:00:00
22,0.15536600140376322,2024-01-01 22:00:00
23,109.98523039933684,2024-01-01 23:00:00
24,0.0,2024-01-02 00:00:00
25,124.06831807664855,2024-01-02 01:00:00
26,70.00687884160061,2024-01-02 02:00:00
27,0.0,2024-01-02 03:00:00
28,0.0,2024-01-02 04:00:00
29,135.06034112858606,2024-01-02 05:00:00
30,217.45462831457803,2024-01-02 06:00:00
31,0.0,2024-01-02 07:00:00
32,0.0,2024-01-02 08:00:00
33,0.0,2024-01-02 09:00:00
34,0.0,2024-01-02 10:00:00
35,0.0,2024-01-02 11:00:00
36,0.0,2024-01-02 12:00:00
37,0.0,2024-01-02 13:00:00
38,91.20782580103946,2024-01-02 14:00:00
39,212.63836834183053,2024-01-02 15:00:00
40,4.708589391460237,2024-01-02 16:00:00
41,0.0,2024-01-02 17:00:00
42,0.0,2024-01-02 18:00:00
43,0.0,2024-01-02 19:00:00
44,132.12677494183345,2024-01-02 20:00:00
45,0.0,2024-01-02 21:00:00
46,125.40381154205215,2024-01-02 22:00:00
47,270.84922828262825,2024-01-02 23:00:00
48,117.93879236032808,2024-01-03 00:00:00
49,25.08730725185933,2024-01-03 01:00:00
50,109.63587666267767,2024-01-03 02:00:00
51,94.05393194303588,2024-01-03 03:00:00
52,0.0,2024-01-03 04:00:00
53,97.54377581841027,2024-01-03 05:00:00
54,0.0,2024-01-03 06:00:00
55,0.0,2024-01-03 07:00:00
56,0.0,2024-01-03 08:00:00
57,0.0,2024-01-03 09:00:00
58,0.0,2024-01-03 10:00:00
59,110.0350370752285,2024-01-03 11:00:00
60,0.0,2024-01-03 12:00:00
61,69.0260421834655,2024-01-03 13:00:00
62,0.0,2024-01-03 14:00:00
63,0.0,2024-01-03 15:00:00
64,113.20133460090938,2024-01-03 16:00:00
65,209.27911728232675,2024-01-03 17:00:00
66,307.1850547326262,2024-01-03 18:00:00
67,418.74446263847904,2024-01-03 19:00:00
68,254.6948692517276,2024-01-03 20:00:00
69,135.82984524275707,2024-01-03 21:00:00
70,208.84184897975956,2024-01-03 22:00:00
71,43.476872935928895,2024-01-03 23:00:00
72,0.0,2024-01-04 00:00:00
73,0.0,2024-01-04 01:00:00
74,60.83563578536996,2024-01-04 02:00:00
75,0.0,2024-01-04 03:00:00
76,97.09012105021839,2024-01-04 04:00:00
77,0.0,2024-01-04 05:00:00
78,0.0,2024-01-04 06:00:00
79,126.9176311445749,2024-01-04 07:00:00
80,251.58424301156765,2024-01-04 08:00:00
81,344.2736266668103,2024-01-04 09:00:00
82,487.7161569117302,2024-01-04 10:00:00
83,408.089345630558,2024-01-04 11:00:00
84,215.20636447045717,2024-01-04 12:00:00
85,320.00452036935985,2024-01-04 13:00:00
86,404.42412494212476,2024-01-04 14:00:00
87,458.44195755204737,2024-01-04 15:00:00
88,551.7191830977349,2024-01-04 16:00:00
89,401.0895630586451,2024-01-04 17:00:00
90,474.91994395702477,2024-01-04 18:00:00
91,569.419683784874,2024-01-04 19:00:00
92,525.6144700003642,2024-01-04 20:00:00
93,641.387120650787,2024-01-04 21:00:00
94,768.3395607912375,2024-01-04 22:00:00
95,593.7436022159122,2024-01-04 23:00:00
96,384.7715961798476,2024-01-05 00:00:00
97,258.23037878508285,2024-01-05 01:00:00
98,187.95176172480114,2024-01-05 02:00:00
99,305.9330124134144,2024-01-05 03:00:00
100,419.43497655779174,2024-01-05 04:00:00
101,238.2924799404168,2024-01-05 05:00:00
102,71.6767793414374,2024-01-05 06:00:00
103,194.131375438134,2024-01-05 07:00:00
104,11.8625779588765,2024-01-05 08:00:00
105,0.0,2024-01-05 09:00:00
106,0.0,2024-01-05 10:00:00
107,78.47373232612154,2024-01-05 11:00:00
108,229.575205506776,2024-01-05 12:00:00
109,82.35259045160728,2024-01-05 13:00:00
110,0.0,2024-01-05 14:00:00
111,0.0,2024-01-05 15:00:00
112,0.0,2024-01-05 16:00:00
113,123.78618496787021,2024-01-05 17:00:00
114,244.77795020764734,2024-01-05 18:00:00
115,84.07895467093658,2024-01-05 19:00:00
116,0.0,2024-01-05 20:00:00
117,169.05763494206712,2024-01-05 21:00:00
118,176.69121068841014,2024-01-05 22:00:00
119,0.0,2024-01-05 23:00:00
120,0.0,2024-01-06 00:00:00
121,0.0,2024-01-06 01:00:00
122,54.306277681910615,2024-01-06 02:00:00
123,0.0,2024-01-06 03:00:00
124,141.95702721457383,2024-01-06 04:00:00
125,0.0,2024-01-06 05:00:00
126,98.54435116165496,2024-01-06 06:00:00
127,0.0,2024-01-06 07:00:00
128,0.0,2024-01-06 08:00:00
129,0.0,2024-01-06 09:00:00
130,0.0,2024-01-06 10:00:00
131,98.55745160015886,2024-01-06 11:00:00
132,0.0,2024-01-06 12:00:00
133,111.5366663268951,2024-01-06 13:00:00
134,85.11889133325985,2024-01-06 14:00:00
135,209.02574899737374,2024-01-06 15:00:00
136,54.69625962372902,2024-01-06 16:00:00
137,159.36657668549105,2024-01-06 17:00:00
138,250.67333097859864,2024-01-06 18:00:00
139,288.4113070192352,2024-01-06 19:00:00
140,137.4903880597576,2024-01-06 20:00:00
141,0.0,2024-01-06 21:00:00
142,144.3575873733953,2024-01-06 22:00:00
143,0.0,2024-01-06 23:00:00
144,0.0,2024-01-07 00:00:00
145,125.68251477726608,2024-01-07 01:00:00
146,233.77876283606747,2024-01-07 02:00:00
147,363.14167430953694,2024-01-07 03:00:00
148,251.83113426471573,2024-01-07 04:00:00
149,164.063869430287,2024-01-07 05:00:00
150,190.69131004178234,2024-01-07 06:00:00
151,34.23025094302102,2024-01-07 07:00:00
152,0.0,2024-01-07 08:00:00
153,59.63739861535032,2024-01-07 09:00:00
154,0.0,2024-01-07 10:00:00
155,0.0,2024-01-07 11:00:00
156,0.0,2024-01-07 12:00:00
157,0.0,2024-01-07 13:00:00
158,0.0,2024-01-07 14:00:00
159,0.0,2024-01-07 15:00:00
160,108.06666071664495,2024-01-07 16:00:00
161,13.392956153728846,2024-01-07 17:00:00
162,130.60281636013588,2024-01-07 18:00:00
163,7.9457634221553235,2024-01-07 19:00:00
164,0.0,2024-01-07 20:00:00
165,162.2017069722442,2024-01-07 21:00:00
166,0.0,2024-01-07 22:00:00
167,61.85334715017507,2024-01-07 23:00:00
168,0.0,2024-01-08 00:00:00
169,78.61004709482859,2024-01-08 01:00:00
170,0.0,2024-01-08 02:00:00
171,0.0,2024-01-08 03:00:00
172,115.68169061557091,2024-01-08 04:00:00
173,0.0,2024-01-08 05:00:00
174,0.0,2024-01-08 06:00:00
175,0.0,2024-01-08 07:00:00
176,0.0,2024-01-08 08:00:00
177,151.30505177969917,2024-01-08 09:00:00
178,0.0,2024-01-08 10:00:00
179,129.35118332845104,2024-01-08 11:00:00
180,221.67029129903494,2024-01-08 12:00:00
181,292.18956178066946,2024-01-08 13:00:00
182,116.3066107572131,2024-01-08 14:00:00
183,2.593801414886002,2024-01-08 15:00:00
184,0.0,2024-01-08 16:00:00
185,0.0,2024-01-08 17:00:00
186,0.0,2024-01-08 18:00:00
187,0.0,2024-01-08 19:00:00
188,0.0,2024-01-08 20:00:00
189,116.87400327682735,2024-01-08 21:00:00
190,0.0,2024-01-08 22:00:00
191,0.0,2024-01-08 23:00:00
192,102.10497134375873,2024-01-09 00:00:00
193,35.15301801955866,2024-01-09 01:00:00
194,167.58471423180708,2024-01-09 02:00:00
195,0.0,2024-01-09 03:00:00
196,97.11637669177071,2024-01-09 04:00:00
197,210.98463535292285,2024-01-09 05:00:00
198,0.0,2024-01-09 06:00:00
199,0.0,2024-01-09 07:00:00
200,0.0,2024-01-09 08:00:00
201,0.0,2024-01-09 09:00:00
202,0.0,2024-01-09 10:00:00
203,0.0,2024-01-09 11:00:00
204,0.0,2024-01-09 12:00:00
205,92.97355802390484,2024-01-09 13:00:00
206,194.4574693134782,2024-01-09 14:00:00
207,10.716494705147852,2024-01-09 15:00:00
208,0.0,2024-01-09 16:00:00
209,0.0,2024-01-09 17:00:00
210,57.38487256030385,2024-01-09 18:00:00
211,0.0,2024-01-09 19:00:00
212,0.0,2024-01-09 20:00:00
213,0.0,2024-01-09 21:00:00
214,0.0,2024-01-09 22:00:00
215,0.0,2024-01-09 23:00:00
216,0.0,2024-01-10 00:00:00
217,0.0,2024-01-10 01:00:00
218,0.0,2024-01-10 02:00:00
219,84.78177906678138,2024-01-10 03:00:00
220,0.0,2024-01-10 04:00:00
221,95.59858940699996,2024-01-10 05:00:00
222,0.0,2024-01-10 06:00:00
223,0.0,2024-01-10 07:00:00
224,0.0,2024-01-10 08:00:00
225,91.62935422689043,2024-01-10 09:00:00
226,187.6402640024844,2024-01-10 10:00:00
227,308.6438884506588,2024-01-10 11:00:00
228,80.3676869889423,2024-01-10 12:00:00
229,182.34019482113217,2024-01-10 13:00:00
230,312.97717933505373,2024-01-10 14:00:00
231,127.55935697008681,2024-01-10 15:00:00
232,172.16024708865734,2024-01-10 16:00:00
233,75.66448540496458,2024-01-10 17:00:00
234,0.0,2024-01-10 18:00:00
235,0.0,2024-01-10 19:00:00
236,80.71831720397313,2024-01-10 20:00:00
237,0.0,2024-01-10 21:00:00
238,0.0,2024-01-10 22:00:00
239,45.97178701267512,2024-01-10 23:00:00
240,0.0,2024-01-11 00:00:00
241,172.71637979886873,2024-01-11 01:00:00
242,22.89650675339726,2024-01-11 02:00:00
243,0.0,2024-01-11 03:00:00
244,0.0,2024-01-11 04:00:00
245,0.0,2024-01-11 05:00:00
246,0.0,2024-01-11 06:00:00
247,119.40810333116679,2024-01-11 07:00:00
248,179.8862813621363,2024-01-11 08:00:00
249,273.9582932213634,2024-01-11 09:00:00
250,139.97565863107957,2024-01-11 10:00:00
251,227.25068023902168,2024-01-11 11:00:00
252,326.1105758939757,2024-01-11 12:00:00
253,170.1090095580621,2024-01-11 13:00:00
254,44.26833267303118,2024-01-11 14:00:00
255,0.0,2024-01-11 15:00:00
256,67.63957499706157,2024-01-11 16:00:00
257,168.7948290820823,2024-01-11 17:00:00
258,50.07296415755809,2024-01-11 18:00:00
259,0.0,2024-01-11 19:00:00
260,0.0,2024-01-11 20:00:00
261,111.11842996258383,2024-01-11 21:00:00
262,25.852503748628806,2024-01-11 22:00:00
263,0.0,2024-01-11 23:00:00
264,70.11199541658607,2024-01-12 00:00:00
265,0.0,2024-01-12 01:00:00
266,109.64905153652217,2024-01-12 02:00:00
267,147.3466120296962,2024-01-12 03:00:00
268,0.0,2024-01-12 04:00:00
269,98.44162342578056,2024-01-12 05:00:00
270,0.0,2024-01-12 06:00:00
271,89.60534572306096,2024-01-12 07:00:00
272,171.22212857118393,2024-01-12 08:00:00
273,73.89290672986681,2024-01-12 09:00:00
274,169.38033957556036,2024-01-12 10:00:00
275,1.132289452249097,2024-01-12 11:00:00
276,0.0,2024-01-12 12:00:00
277,134.29014738191472,2024-01-12 13:00:00
278,0.0,2024-01-12 14:00:00
279,0.0,2024-01-12 15:00:00
280,0.0,2024-01-12 16:00:00
281,0.0,2024-01-12 17:00:00
282,129.74177048368983,2024-01-12 18:00:00
283,87.4112761638753,2024-01-12 19:00:00
284,0.0,2024-01-12 20:00:00
285,0.0,2024-01-12 21:00:00
286,0.0,2024-01-12 22:00:00
287,0.0,2024-01-12 23:00:00
288,96.87396688144327,2024-01-13 00:00:00
289,0.0,2024-01-13 01:00:00
290,0.0,2024-01-13 02:00:00
291,0.0,2024-01-13 03:00:00
292,96.83873481562114,2024-01-13 04:00:00
293,13.540009561531406,2024-01-13 05:00:00
294,0.0,2024-01-13 06:00:00
295,112.88216623375774,2024-01-13 07:00:00
296,25.075328003322284,2024-01-13 08:00:00
297,0.0,2024-01-13 09:00:00
298,0.0,2024-01-13 10:00:00
299,0.0,2024-01-13 11:00:00
300,0.0,2024-01-13 12:00:00
301,0.0,2024-01-13 13:00:00
302,82.93050762444182,2024-01-13 14:00:00
303,134.0786089305857,2024-01-13 15:00:00
304,0.0,2024-01-13 16:00:00
305,123.09919693175834,2024-01-13 17:00:00
306,0.0,2024-01-13 18:00:00
307,136.28923056073654,2024-01-13 19:00:00
308,220.12655078734497,2024-01-13 20:00:00
309,347.7467585797258,2024-01-13 21:00:00
310,480.5161415199036,2024-01-13 22:00:00
311,590.0083950107473,2024-01-13 23:00:00
312,686.0021678672783,2024-01-14 00:00:00
313,543.6256596863059,2024-01-14 01:00:00
314,698.7118208794054,2024-01-14 02:00:00
315,523.3122545337774,2024-01-14 03:00:00
316,369.2207866064,2024-01-14 04:00:00
317,224.16526926595725,2024-01-14 05:00:00
318,47.33977708743623,2024-01-14 06:00:00
319,174.29381654116696,2024-01-14 07:00:00
320,0.0,2024-01-14 08:00:00
321,0.0,2024-01-14 09:00:00
322,0.0,2024-01-14 10:00:00
323,0.0,2024-01-14 11:00:00
324,0.0,2024-01-14 12:00:00
325,0.0,2024-01-14 13:00:00
326,118.4020799062273,2024-01-14 14:00:00
327,227.47617050087138,2024-01-14 15:00:00
328,404.09380454793063,2024-01-14 16:00:00
329,207.3778089859661,2024-01-14 17:00:00
330,86.20332902230075,2024-01-14 18:00:00
331,65.75544362954679,2024-01-14 19:00:00
332,0.0,2024-01-14 20:00:00
333,82.62125501196715,2024-01-14 21:00:00
334,0.0,2024-01-14 22:00:00
335,48.64874559572854,2024-01-14 23:00:00
336,0.0,2024-01-15 00:00:00
337,45.21970859359135,2024-01-15 01:00:00
338,106.16746991162654,2024-01-15 02:00:00
339,159.32213400982073,2024-01-15 03:00:00
340,27.588211575424793,2024-01-15 04:00:00
341,0.0,2024-01-15 05:00:00
342,131.40732948045843,2024-01-15 06:00:00
343,215.30774690464023,2024-01-15 07:00:00
344,285.42631633046403,2024-01-15 08:00:00
345,173.26607075893844,2024-01-15 09:00:00
346,55.4419822779455,2024-01-15 10:00:00
347,127.6067784355073,2024-01-15 11:00:00
348,29.84723813655728,2024-01-15 12:00:00
349,0.0,2024-01-15 13:00:00
350,0.0,2024-01-15 14:00:00
351,0.0,2024-01-15 15:00:00
352,0.0,2024-01-15 16:00:00
353,64.79578427544038,2024-01-15 17:00:00
354,180.65428472793428,2024-01-15 18:00:00
355,1.336083790178236,2024-01-15 19:00:00
356,78.73583515704377,2024-01-15 20:00:00
357,0.0,2024-01-15 21:00:00
358,106.27069771858078,2024-01-15 22:00:00
359,231.7863113448584,2024-01-15 23:00:00
360,335.80682634504774,2024-01-16 00:00:00
361,185.07241660858926,2024-01-16 01:00:00
362,0.0,2024-01-16 02:00:00
363,111.18499456275458,2024-01-16 03:00:00
364,37.4678102912585,2024-01-16 04:00:00
365,0.0,2024-01-16 05:00:00
366,0.0,2024-01-16 06:00:00
367,63.74901308220433,2024-01-16 07:00:00
368,0.0,2024-01-16 08:00:00
369,0.0,2024-01-16 09:00:00
370,0.0,2024-01-16 10:00:00
371,0.0,2024-01-16 11:00:00
372,0.0,2024-01-16 12:00:00
373,0.0,2024-01-16 13:00:00
374,95.77341259266541,2024-01-16 14:00:00
375,34.19538087080946,2024-01-16 15:00:00
376,169.29288594211903,2024-01-16 16:00:00
377,162.90599660620137,2024-01-16 17:00:00
378,62.82526856561526,2024-01-16 18:00:00
379,0.0,2024-01-16 19:00:00
380,0.0,2024-01-16 20:00:00
381,88.97903479551314,2024-01-16 21:00:00
382,60.1910478091595,2024-01-16 22:00:00
383,133.66968591832847,2024-01-16 23:00:00
384,61.79697876265709,2024-01-17 00:00:00
385,177.6685590830457,2024-01-17 01:00:00
386,326.1225135602108,2024-01-17 02:00:00
387,117.88554583735095,2024-01-17 03:00:00
388,0.0,2024-01-17 04:00:00
389,0.0,2024-01-17 05:00:00
390,86.90320587527094,2024-01-17 06:00:00
391,0.0,2024-01-17 07:00:00
392,0.0,2024-01-17 08:00:00
393,0.0,2024-01-17 09:00:00
394,108.75433806746514,2024-01-17 10:00:00
395,36.91387850229876,2024-01-17 11:00:00
396,0.0,2024-01-17 12:00:00
397,122.55373150285595,2024-01-17 13:00:00
398,166.35479821632907,2024-01-17 14:00:00
399,0.0,2024-01-17 15:00:00
400,0.0,2024-01-17 16:00:00
401,0.0,2024-01-17 17:00:00
402,99.27341629981674,2024-01-17 18:00:00
403,0.0,2024-01-17 19:00:00
404,0.0,2024-01-17 20:00:00
405,22.313090739440668,2024-01-17 21:00:00
406,0.0,2024-01-17 22:00:00
407,0.0,2024-01-17 23:00:00
408,0.0,2024-01-18 00:00:00
409,0.0,2024-01-18 01:00:00
410,0.0,2024-01-18 02:00:00
411,0.0,2024-01-18 03:00:00
412,0.0,2024-01-18 04:00:00
413,107.76714921112216,2024-01-18 05:00:00
414,0.0,2024-01-18 06:00:00
415,0.0,2024-01-18 07:00:00
416,0.0,2024-01-18 08:00:00
417,0.0,2024-01-18 09:00:00
418,0.0,2024-01-18 10:00:00
419,94.28500960662859,2024-01-18 11:00:00
420,222.34817066796677,2024-01-18 12:00:00
421,18.04906485921674,2024-01-18 13:00:00
422,0.0,2024-01-18 14:00:00
423,0.0,2024-01-18 15:00:00
424,71.49077224079156,2024-01-18 16:00:00
425,0.0,2024-01-18 17:00:00
426,97.89843510660285,2024-01-18 18:00:00
427,0.0,2024-01-18 19:00:00
428,94.31255150203651,2024-01-18 20:00:00
429,0.0,2024-01-18 21:00:00
430,0.0,2024-01-18 22:00:00
431,0.0,2024-01-18 23:00:00
432,96.30385579646463,2024-01-19 00:00:00
433,0.0,2024-01-19 01:00:00
434,0.0,2024-01-19 02:00:00
435,0.0,2024-01-19 03:00:00
436,109.27627231149745,2024-01-19 04:00:00
437,0.0,2024-01-19 05:00:00
438,109.57161807000011,2024-01-19 06:00:00
439,233.45239377410326,2024-01-19 07:00:00
440,173.60937758690125,2024-01-19 08:00:00
441,102.81617473717415,2024-01-19 09:00:00
442,0.0,2024-01-19 10:00:00
443,0.0,2024-01-19 11:00:00
444,0.0,2024-01-19 12:00:00
445,0.0,2024-01-19 13:00:00
446,0.0,2024-01-19 14:00:00
447,99.4345113116542,2024-01-19 15:00:00
448,6.620821677686763,2024-01-19 16:00:00
449,0.0,2024-01-19 17:00:00
450,62.0287647740588,2024-01-19 18:00:00
451,0.0,2024-01-19 19:00:00
452,58.22604099806995,2024-01-19 20:00:00
453,0.0,2024-01-19 21:00:00
454,69.02361386975099,2024-01-19 22:00:00
455,0.0,2024-01-19 23:00:00
456,0.0,2024-01-20 00:00:00
457,0.0,2024-01-20 01:00:00
458,0.0,2024-01-20 02:00:00
459,0.0,2024-01-20 03:00:00
460,0.0,2024-01-20 04:00:00
461,0.0,2024-01-20 05:00:00
462,79.09136786467934,2024-01-20 06:00:00
463,0.0,2024-01-20 07:00:00
464,0.0,2024-01-20 08:00:00
465,95.71170715709013,2024-01-20 09:00:00
466,0.0,2024-01-20 10:00:00
467,0.0,2024-01-20 11:00:00
468,175.90862568239027,2024-01-20 12:00:00
469,40.20883677639722,2024-01-20 13:00:00
470,0.0,2024-01-20 14:00:00
471,0.0,2024-01-20 15:00:00
472,91.92619176264634,2024-01-20 16:00:00
473,0.0,2024-01-20 17:00:00
474,153.19097404620697,2024-01-20 18:00:00
475,0.0,2024-01-20 19:00:00
476,101.64682001848996,2024-01-20 20:00:00
477,193.08019777276058,2024-01-20 21:00:00
478,13.402361658718291,2024-01-20 22:00:00
479,201.61402069864562,2024-01-20 23:00:00
480,100.19685742571164,2024-01-21 00:00:00
481,241.58540236937915,2024-01-21 01:00:00
482,319.83252876393817,2024-01-21 02:00:00
483,144.02361440819004,2024-01-21 03:00:00
484,0.0,2024-01-21 04:00:00
485,0.0,2024-01-21 05:00:00
486,156.8084400086118,2024-01-21 06:00:00
487,0.0,2024-01-21 07:00:00
488,0.0,2024-01-21 08:00:00
489,128.19709303326454,2024-01-21 09:00:00
490,226.39911412527363,2024-01-21 10:00:00
491,318.0778059865261,2024-01-21 11:00:00
492,157.59483522279334,2024-01-21 12:00:00
493,32.17664450439406,2024-01-21 13:00:00
494,132.94387387015377,2024-01-21 14:00:00
495,71.39766911460902,2024-01-21 15:00:00
496,181.2345106099965,2024-01-21 16:00:00
497,276.57879009422686,2024-01-21 17:00:00
498,150.38983377145996,2024-01-21 18:00:00
499,224.15815835007743,2024-01-21 19:00:00
500,397.3226730983697,2024-01-21 20:00:00
501,254.03663120768397,2024-01-21 21:00:00
502,99.60375165961159,2024-01-21 22:00:00
503,0.0,2024-01-21 23:00:00
504,0.0,2024-01-22 00:00:00
505,0.0,2024-01-22 01:00:00
506,81.33378567869659,2024-01-22 02:00:00
507,215.498779212121,2024-01-22 03:00:00
508,341.5886716503628,2024-01-22 04:00:00
509,135.316932429625,2024-01-22 05:00:00
510,0.0,2024-01-22 06:00:00
511,0.0,2024-01-22 07:00:00
512,0.0,2024-01-22 08:00:00
513,105.73083287800546,2024-01-22 09:00:00
514,0.0,2024-01-22 10:00:00
515,0.0,2024-01-22 11:00:00
516,0.0,2024-01-22 12:00:00
517,0.0,2024-01-22 13:00:00
518,0.0,2024-01-22 14:00:00
519,0.0,2024-01-22 15:00:00
520,0.0,2024-01-22 16:00:00
521,0.0,2024-01-22 17:00:00
522,0.0,2024-01-22 18:00:00
523,118.49084224118269,2024-01-22 19:00:00
524,0.0,2024-01-22 20:00:00
525,0.0,2024-01-22 21:00:00
526,0.0,2024-01-22 22:00:00
527,0.0,2024-01-22 23:00:00
528,0.0,2024-01-23 00:00:00
529,0.0,2024-01-23 01:00:00
530,112.8773326089613,2024-01-23 02:00:00
531,195.22073451583856,2024-01-23 03:00:00
532,0.0,2024-01-23 04:00:00
533,0.0,2024-01-23 05:00:00
534,87.22338381420923,2024-01-23 06:00:00
535,186.6489504917372,2024-01-23 07:00:00
536,0.0,2024-01-23 08:00:00
537,0.0,2024-01-23 09:00:00
538,0.0,2024-01-23 10:00:00
539,0.0,2024-01-23 11:00:00
540,0.0,2024-01-23 12:00:00
541,0.0,2024-01-23 13:00:00
542,155.99619854081902,2024-01-23 14:00:00
543,0.0,2024-01-23 15:00:00
544,99.57180796490866,2024-01-23 16:00:00
545,0.0,2024-01-23 17:00:00
546,0.0,2024-01-23 18:00:00
547,0.0,2024-01-23 19:00:00
548,0.0,2024-01-23 20:00:00
549,0.0,2024-01-23 21:00:00
550,0.0,2024-01-23 22:00:00
551,94.03155559610605,2024-01-23 23:00:00
552,247.38918311630187,2024-01-24 00:00:00
553,337.7996283387329,2024-01-24 01:00:00
554,242.16192528187457,2024-01-24 02:00:00
555,374.736679148431,2024-01-24 03:00:00
556,526.5108810121492,2024-01-24 04:00:00
557,410.3891136289312,2024-01-24 05:00:00
558,528.3144194696797,2024-01-24 06:00:00
559,585.6433236187258,2024-01-24 07:00:00
560,403.1208189919198,2024-01-24 08:00:00
561,328.27483407991167,2024-01-24 09:00:00
562,412.2396646254965,2024-01-24 10:00:00
563,217.85689333180562,2024-01-24 11:00:00
564,334.60594595018483,2024-01-24 12:00:00
565,239.61365759876935,2024-01-24 13:00:00
566,144.19870140573403,2024-01-24 14:00:00
567,13.553686529452534,2024-01-24 15:00:00
568,159.08989892987665,2024-01-24 16:00:00
569,269.80077495407386,2024-01-24 17:00:00
570,355.040209514289,2024-01-24 18:00:00
571,470.8212547943149,2024-01-24 19:00:00
572,539.0231632729156,2024-01-24 20:00:00
573,620.5129847856151,2024-01-24 21:00:00
574,559.3247464305314,2024-01-24 22:00:00
575,388.89210585649926,2024-01-24 23:00:00
576,504.9661497480665,2024-01-25 00:00:00
577,440.33404762771534,2024-01-25 01:00:00
578,308.3224799171694,2024-01-25 02:00:00
579,224.6248642212704,2024-01-25 03:00:00
580,331.53688564744516,2024-01-25 04:00:00
581,227.74854286085974,2024-01-25 05:00:00
582,123.84153351712666,2024-01-25 06:00:00
583,24.03940212120142,2024-01-25 07:00:00
584,0.0,2024-01-25 08:00:00
585,59.786168446287775,2024-01-25 09:00:00
586,0.0,2024-01-25 10:00:00
587,0.0,2024-01-25 11:00:00
588,88.27912237215423,2024-01-25 12:00:00
589,4.602728787707747,2024-01-25 13:00:00
590,70.8721279915917,2024-01-25 14:00:00
591,0.0,2024-01-25 15:00:00
592,103.94417787015118,2024-01-25 16:00:00
593,0.0,2024-01-25 17:00:00
594,0.0,2024-01-25 18:00:00
595,0.0,2024-01-25 19:00:00
596,0.0,2024-01-25 20:00:00
597,0.0,2024-01-25 21:00:00
598,97.72134196251864,2024-01-25 22:00:00
599,0.0,2024-01-25 23:00:00
600,67.81065856701753,2024-01-26 00:00:00
601,0.0,2024-01-26 01:00:00
602,0.0,2024-01-26 02:00:00
603,0.0,2024-01-26 03:00:00
604,0.0,2024-01-26 04:00:00
605,0.0,2024-01-26 05:00:00
606,0.0,2024-01-26 06:00:00
607,108.39280505487841,2024-01-26 07:00:00
608,12.650331382770673,2024-01-26 08:00:00
609,0.0,2024-01-26 09:00:00
610,103.7636278000864,2024-01-26 10:00:00
611,193.9272420753041,2024-01-26 11:00:00
612,25.553158801587415,2024-01-26 12:00:00
613,0.0,2024-01-26 13:00:00
614,83.33462060973397,2024-01-26 14:00:00
615,0.0,2024-01-26 15:00:00
616,0.0,2024-01-26 16:00:00
617,0.0,2024-01-26 17:00:00
618,0.0,2024-01-26 18:00:00
619,37.346716813903186,2024-01-26 19:00:00
620,0.0,2024-01-26 20:00:00
621,0.0,2024-01-26 21:00:00
622,0.0,2024-01-26 22:00:00
623,0.0,2024-01-26 23:00:00
624,0.0,2024-01-27 00:00:00
625,0.0,2024-01-27 01:00:00
626,0.0,2024-01-27 02:00:00
627,118.77031862488366,2024-01-27 03:00:00
628,220.05502006423194,2024-01-27 04:00:00
629,67.15388332381553,2024-01-27 05:00:00
630,0.0,2024-01-27 06:00:00
631,0.0,2024-01-27 07:00:00
632,0.0,2024-01-27 08:00:00
633,0.0,2024-01-27 09:00:00
634,0.0,2024-01-27 10:00:00
635,0.0,2024-01-27 11:00:00
636,0.0,2024-01-27 12:00:00
637,0.0,2024-01-27 13:00:00
638,0.0,2024-01-27 14:00:00
639,0.0,2024-01-27 15:00:00
640,0.0,2024-01-27 16:00:00
641,0.0,2024-01-27 17:00:00
642,0.0,2024-01-27 18:00:00
643,0.0,2024-01-27 19:00:00
644,0.0,2024-01-27 20:00:00
645,128.45044012672588,2024-01-27 21:00:00
646,0.0,2024-01-27 22:00:00
647,0.0,2024-01-27 23:00:00
648,97.139674016762,2024-01-28 00:00:00
649,0.0,2024-01-28 01:00:00
650,85.92197230574675,2024-01-28 02:00:00
651,12.700578466101433,2024-01-28 03:00:00
652,143.20107232339797,2024-01-28 04:00:00
653,5.405096007110842,2024-01-28 05:00:00
654,0.0,2024-01-28 06:00:00
655,0.0,2024-01-28 07:00:00
656,0.0,2024-01-28 08:00:00
657,0.0,2024-01-28 09:00:00
658,88.97052121025627,2024-01-28 10:00:00
659,43.97184659283812,2024-01-28 11:00:00
660,0.0,2024-01-28 12:00:00
661,0.0,2024-01-28 13:00:00
662,0.0,2024-01-28 14:00:00
663,114.55917506103287,2024-01-28 15:00:00
664,0.0,2024-01-28 16:00:00
665,0.0,2024-01-28 17:00:00
666,88.41030046564993,2024-01-28 18:00:00
667,0.0,2024-01-28 19:00:00
668,133.91846004812396,2024-01-28 20:00:00
669,215.23712333111325,2024-01-28 21:00:00
670,52.578861429217795,2024-01-28 22:00:00
671,0.0,2024-01-28 23:00:00
672,0.0,2024-01-29 00:00:00
673,0.0,2024-01-29 01:00:00
674,0.0,2024-01-29 02:00:00
675,0.0,2024-01-29 03:00:00
676,0.0,2024-01-29 04:00:00
677,0.0,2024-01-29 05:00:00
678,82.80616560276394,2024-01-29 06:00:00
679,22.099490199470893,2024-01-29 07:00:00
680,0.0,2024-01-29 08:00:00
681,0.0,2024-01-29 09:00:00
682,0.0,2024-01-29 10:00:00
683,88.93800558047224,2024-01-29 11:00:00
684,0.0,2024-01-29 12:00:00
685,48.8768345123317,2024-01-29 13:00:00
686,156.17835389358515,2024-01-29 14:00:00
687,21.170263707332197,2024-01-29 15:00:00
688,76.8622309237835,2024-01-29 16:00:00
689,0.0,2024-01-29 17:00:00
690,0.0,2024-01-29 18:00:00
691,0.0,2024-01-29 19:00:00
692,0.0,2024-01-29 20:00:00
693,0.0,2024-01-29 21:00:00
694,0.0,2024-01-29 22:00:00
695,86.24839889345458,2024-01-29 23:00:00
696,0.0,2024-01-30 00:00:00
697,0.0,2024-01-30 01:00:00
698,115.78743569552171,2024-01-30 02:00:00
699,0.0,2024-01-30 03:00:00
700,84.75194080976507,2024-01-30 04:00:00
701,0.0,2024-01-30 05:00:00
702,117.09498784716561,2024-01-30 06:00:00
703,0.0,2024-01-30 07:00:00
704,0.0,2024-01-30 08:00:00
705,0.0,2024-01-30 09:00:00
706,0.0,2024-01-30 10:00:00
707,0.0,2024-01-30 11:00:00
708,0.0,2024-01-30 12:00:00
709,0.0,2024-01-30 13:00:00
710,73.71859622410557,2024-01-30 14:00:00
711,0.0,2024-01-30 15:00:00
712,80.78560614397429,2024-01-30 16:00:00
713,186.5006993239076,2024-01-30 17:00:00
714,45.84550723200664,2024-01-30 18:00:00
715,0.0,2024-01-30 19:00:00
716,0.0,2024-01-30 20:00:00
717,47.57910406253359,2024-01-30 21:00:00
718,0.0,2024-01-30 22:00:00
719,131.69672928280488,2024-01-30 23:00:00
720,50.11248122444522,2024-01-31 00:00:00
721,90.49420124752214,2024-01-31 01:00:00
722,182.57359880751028,2024-01-31 02:00:00
723,0.0,2024-01-31 03:00:00
724,0.0,2024-01-31 04:00:00
725,0.0,2024-01-31 05:00:00
726,128.55755380066694,2024-01-31 06:00:00
727,226.23313824510115,2024-01-31 07:00:00
728,383.46736498142127,2024-01-31 08:00:00
729,276.48661552039994,2024-01-31 09:00:00
730,344.00588390378834,2024-01-31 10:00:00
731,217.56211649467878,2024-01-31 11:00:00
732,143.52942026851815,2024-01-31 12:00:00
733,328.4940882118317,2024-01-31 13:00:00
734,168.97289371558145,2024-01-31 14:00:00
735,0.0,2024-01-31 15:00:00
736,0.0,2024-01-31 16:00:00
737,94.88608687010128,2024-01-31 17:00:00
738,0.0,2024-01-31 18:00:00
739,0.0,2024-01-31 19:00:00
740,116.66640338460275,2024-01-31 20:00:00
741,210.53473243651388,2024-01-31 21:00:00
742,355.9688417119396,2024-01-31 22:00:00
743,189.88918114497937,2024-01-31 23:00:00
744,103.35570597231708,2024-02-01 00:00:00
745,0.0,2024-02-01 01:00:00
746,63.98405024578096,2024-02-01 02:00:00
747,0.0,2024-02-01 03:00:00
748,0.0,2024-02-01 04:00:00
749,77.20863113547239,2024-02-01 05:00:00
750,0.0,2024-02-01 06:00:00
751,0.0,2024-02-01 07:00:00
752,0.0,2024-02-01 08:00:00
753,0.0,2024-02-01 09:00:00
754,0.0,2024-02-01 10:00:00
755,0.0,2024-02-01 11:00:00
756,0.0,2024-02-01 12:00:00
757,0.0,2024-02-01 13:00:00
758,0.0,2024-02-01 14:00:00
759,60.45093025441747,2024-02-01 15:00:00
760,0.0,2024-02-01 16:00:00
761,86.70993608657591,2024-02-01 17:00:00
762,173.74204756755353,2024-02-01 18:00:00
763,259.6407219465109,2024-02-01 19:00:00
764,446.8503685261603,2024-02-01 20:00:00
765,315.59147135724925,2024-02-01 21:00:00
766,188.545986868201,2024-02-01 22:00:00
767,73.27600532635552,2024-02-01 23:00:00
768,0.0,2024-02-02 00:00:00
769,0.0,2024-02-02 01:00:00
770,70.64733663915831,2024-02-02 02:00:00
771,0.0,2024-02-02 03:00:00
772,73.21138389673433,2024-02-02 04:00:00
773,0.0,2024-02-02 05:00:00
774,0.0,2024-02-02 06:00:00
775,0.0,2024-02-02 07:00:00
776,0.0,2024-02-02 08:00:00
777,0.0,2024-02-02 09:00:00
778,64.4951899933003,2024-02-02 10:00:00
779,0.0,2024-02-02 11:00:00
780,0.0,2024-02-02 12:00:00
781,0.0,2024-02-02 13:00:00
782,0.0,2024-02-02 14:00:00
783,0.0,2024-02-02 15:00:00
784,0.0,2024-02-02 16:00:00
785,42.65742738580593,2024-02-02 17:00:00
786,0.0,2024-02-02 18:00:00
787,0.0,2024-02-02 19:00:00
788,93.13010822622164,2024-02-02 20:00:00
789,36.025180796139466,2024-02-02 21:00:00
790,0.0,2024-02-02 22:00:00
791,0.0,2024-02-02 23:00:00
792,0.0,2024-02-03 00:00:00
793,0.0,2024-02-03 01:00:00
794,127.48822301690961,2024-02-03 02:00:00
795,186.82493898374378,2024-02-03 03:00:00
796,144.44411621420295,2024-02-03 04:00:00
797,0.0,2024-02-03 05:00:00
798,57.44405964556063,2024-02-03 06:00:00
799,232.07831934161368,2024-02-03 07:00:00
800,366.67883465949126,2024-02-03 08:00:00
801,432.5593983885483,2024-02-03 09:00:00
802,479.723754642524,2024-02-03 10:00:00
803,329.7394382731145,2024-02-03 11:00:00
804,182.4346807234033,2024-02-03 12:00:00
805,81.5498597422702,2024-02-03 13:00:00
806,0.0,2024-02-03 14:00:00
807,0.0,2024-02-03 15:00:00
808,0.0,2024-02-03 16:00:00
809,0.0,2024-02-03 17:00:00
810,130.7910762299798,2024-02-03 18:00:00
811,0.0,2024-02-03 19:00:00
812,0.0,2024-02-03 20:00:00
813,0.0,2024-02-03 21:00:00
814,0.0,2024-02-03 22:00:00
815,0.0,2024-02-03 23:00:00
816,0.0,2024-02-04 00:00:00
817,0.0,2024-02-04 01:00:00
818,0.0,2024-02-04 02:00:00
819,0.0,2024-02-04 03:00:00
820,124.48651733625593,2024-02-04 04:00:00
821,0.0,2024-02-04 05:00:00
822,0.0,2024-02-04 06:00:00
823,0.0,2024-02-04 07:00:00
824,86.92073831499874,2024-02-04 08:00:00
825,63.53304257598211,2024-02-04 09:00:00
826,183.78106313970056,2024-02-04 10:00:00
827,53.934862592948775,2024-02-04 11:00:00
828,0.0,2024-02-04 12:00:00
829,0.0,2024-02-04 13:00:00
830,0.0,2024-02-04 14:00:00
831,0.0,2024-02-04 15:00:00
832,0.0,2024-02-04 16:00:00
833,118.42367695024586,2024-02-04 17:00:00
834,0.0,2024-02-04 18:00:00
835,0.0,2024-02-04 19:00:00
836,49.12831366567116,2024-02-04 20:00:00
837,0.0,2024-02-04 21:00:00
838,112.35470106890716,2024-02-04 22:00:00
839,0.0,2024-02-04 23:00:00
840,121.510484473838,2024-02-05 00:00:00
841,35.73969775883597,2024-02-05 01:00:00
842,0.0,2024-02-05 02:00:00
843,0.0,2024-02-05 03:00:00
844,54.09414403409755,2024-02-05 04:00:00
845,0.0,2024-02-05 05:00:00
846,0.0,2024-02-05 06:00:00
847,101.44265521992202,2024-02-05 07:00:00
848,0.0,2024-02-05 08:00:00
849,141.1739664365232,2024-02-05 09:00:00
850,0.0,2024-02-05 10:00:00
851,0.0,2024-02-05 11:00:00
852,0.0,2024-02-05 12:00:00
853,51.12500905297202,2024-02-05 13:00:00
854,0.0,2024-02-05 14:00:00
855,0.0,2024-02-05 15:00:00
856,0.0,2024-02-05 16:00:00
857,0.0,2024-02-05 17:00:00
858,79.38802612423024,2024-02-05 18:00:00
859,0.0,2024-02-05 19:00:00
860,0.0,2024-02-05 20:00:00
861,100.9684183314821,2024-02-05 21:00:00
862,266.6660694808379,2024-02-05 22:00:00
863,56.936458455151296,2024-02-05 23:00:00
864,0.0,2024-02-06 00:00:00
865,0.0,2024-02-06 01:00:00
866,0.0,2024-02-06 02:00:00
867,0.0,2024-02-06 03:00:00
868,0.0,2024-02-06 04:00:00
869,111.88689034305571,2024-02-06 05:00:00
870,142.7777277799105,2024-02-06 06:00:00
871,287.1610544741052,2024-02-06 07:00:00
872,120.35380632279703,2024-02-06 08:00:00
873,227.17809412140195,2024-02-06 09:00:00
874,350.573682508053,2024-02-06 10:00:00
875,146.4744420455536,2024-02-06 11:00:00
876,45.764632478945714,2024-02-06 12:00:00
877,0.0,2024-02-06 13:00:00
878,125.02969136474712,2024-02-06 14:00:00
879,202.10879791756452,2024-02-06 15:00:00
880,312.28246629566274,2024-02-06 16:00:00
881,143.7794105322173,2024-02-06 17:00:00
882,0.0,2024-02-06 18:00:00
883,0.0,2024-02-06 19:00:00
884,0.0,2024-02-06 20:00:00
885,0.0,2024-02-06 21:00:00
886,64.21794503750425,2024-02-06 22:00:00
887,0.0,2024-02-06 23:00:00
888,0.0,2024-02-07 00:00:00
889,75.39525439733552,2024-02-07 01:00:00
890,0.0,2024-02-07 02:00:00
891,0.0,2024-02-07 03:00:00
892,0.0,2024-02-07 04:00:00
893,0.0,2024-02-07 05:00:00
894,68.04484102856804,2024-02-07 06:00:00
895,0.0,2024-02-07 07:00:00
896,0.0,2024-02-07 08:00:00
897,0.0,2024-02-07 09:00:00
898,0.0,2024-02-07 10:00:00
899,0.0,2024-02-07 11:00:00
900,0.0,2024-02-07 12:00:00
901,0.0,2024-02-07 13:00:00
902,113.73545158547495,2024-02-07 14:00:00
903,0.0,2024-02-07 15:00:00
904,0.0,2024-02-07 16:00:00
905,0.0,2024-02-07 17:00:00
906,0.0,2024-02-07 18:00:00
907,0.0,2024-02-07 19:00:00
908,91.67924614105868,2024-02-07 20:00:00
909,0.0,2024-02-07 21:00:00
910,0.0,2024-02-07 22:00:00
911,60.89476204195671,2024-02-07 23:00:00
912,0.0,2024-02-08 00:00:00
913,0.0,2024-02-08 01:00:00
914,162.26764027235913,2024-02-08 02:00:00
915,16.571124911904917,2024-02-08 03:00:00
916,107.08037526581757,2024-02-08 04:00:00
917,1.3428095720300917,2024-02-08 05:00:00
918,83.75783556024544,2024-02-08 06:00:00
919,196.13025010674028,2024-02-08 07:00:00
920,54.347010401012085,2024-02-08 08:00:00
921,0.0,2024-02-08 09:00:00
922,0.0,2024-02-08 10:00:00
923,0.0,2024-02-08 11:00:00
924,0.0,2024-02-08 12:00:00
925,0.0,2024-02-08 13:00:00
926,0.0,2024-02-08 14:00:00
927,64.8484625585188,2024-02-08 15:00:00
928,170.92418937046023,2024-02-08 16:00:00
929,47.3390417036062,2024-02-08 17:00:00
930,0.0,2024-02-08 18:00:00
931,0.0,2024-02-08 19:00:00
932,0.0,2024-02-08 20:00:00
933,85.19035457070277,2024-02-08 21:00:00
934,4.979814680329582,2024-02-08 22:00:00
935,0.0,2024-02-08 23:00:00
936,111.15573646836128,2024-02-09 00:00:00
937,0.0,2024-02-09 01:00:00
938,0.0,2024-02-09 02:00:00
939,0.0,2024-02-09 03:00:00
940,0.0,2024-02-09 04:00:00
941,0.0,2024-02-09 05:00:00
942,0.0,2024-02-09 06:00:00
943,0.0,2024-02-09 07:00:00
944,0.0,2024-02-09 08:00:00
945,69.9510452437462,2024-02-09 09:00:00
946,0.0,2024-02-09 10:00:00
947,128.2767401737583,2024-02-09 11:00:00
948,0.0,2024-02-09 12:00:00
949,0.0,2024-02-09 13:00:00
950,44.33490055616858,2024-02-09 14:00:00
951,0.0,2024-02-09 15:00:00
952,0.0,2024-02-09 16:00:00
953,0.0,2024-02-09 17:00:00
954,0.0,2024-02-09 18:00:00
955,0.0,2024-02-09 19:00:00
956,0.0,2024-02-09 20:00:00
957,72.59578803947807,2024-02-09 21:00:00
958,107.07288603806228,2024-02-09 22:00:00
959,0.0,2024-02-09 23:00:00
960,0.0,2024-02-10 00:00:00
961,0.0,2024-02-10 01:00:00
962,0.0,2024-02-10 02:00:00
963,133.0680922136744,2024-02-10 03:00:00
964,192.19120663229842,2024-02-10 04:00:00
965,0.0,2024-02-10 05:00:00
966,0.0,2024-02-10 06:00:00
967,0.0,2024-02-10 07:00:00
968,0.0,2024-02-10 08:00:00
969,109.60893413610029,2024-02-10 09:00:00
970,27.951852300138853,2024-02-10 10:00:00
971,0.0,2024-02-10 11:00:00
972,129.54979377450945,2024-02-10 12:00:00
973,0.0,2024-02-10 13:00:00
974,0.0,2024-02-10 14:00:00
975,0.0,2024-02-10 15:00:00
976,0.0,2024-02-10 16:00:00
977,0.0,2024-02-10 17:00:00
978,100.6690085115406,2024-02-10 18:00:00
979,0.0,2024-02-10 19:00:00
980,0.0,2024-02-10 20:00:00
981,88.20078849983838,2024-02-10 21:00:00
982,159.3411728276842,2024-02-10 22:00:00
983,21.191771328318282,2024-02-10 23:00:00
984,0.0,2024-02-11 00:00:00
985,0.0,2024-02-11 01:00:00
986,0.0,2024-02-11 02:00:00
987,0.0,2024-02-11 03:00:00
988,74.2124538296921,2024-02-11 04:00:00
989,171.8184093079326,2024-02-11 05:00:00
990,27.492441602036706,2024-02-11 06:00:00
991,120.84568739331007,2024-02-11 07:00:00
992,45.8567804656559,2024-02-11 08:00:00
993,0.0,2024-02-11 09:00:00
994,0.0,2024-02-11 10:00:00
995,93.04473723595584,2024-02-11 11:00:00
996,200.32569967071322,2024-02-11 12:00:00
997,144.82620822986064,2024-02-11 13:00:00
998,271.2488309179389,2024-02-11 14:00:00
999,31.31258000037633,2024-02-11 15:00:00
