timestamp,equity,drawdown,rolling_sharpe
2024-01-01 00:00:00,-80.56934385697923,0.0,
2024-01-01 01:00:00,-134.87844816473847,54.30910430775924,
2024-01-01 02:00:00,-248.96267974278703,168.3933358858078,
2024-01-01 03:00:00,-71.83467756348881,0.0,
2024-01-01 04:00:00,32.764118660450634,0.0,
2024-01-01 05:00:00,-109.60499237960812,142.36911104005875,
2024-01-01 06:00:00,10.363073124451645,22.40104553599899,
2024-01-01 07:00:00,-98.38773936934666,131.1518580297973,
2024-01-01 08:00:00,-192.12183151920397,224.8859501796546,
2024-01-01 09:00:00,-140.10533771319274,172.86945637364337,
2024-01-01 10:00:00,-243.57478618483992,276.3389048452906,
2024-01-01 11:00:00,-108.62997096430436,141.394089624755,
2024-01-01 12:00:00,-228.93763097348312,261.7017496339338,
2024-01-01 13:00:00,-48.35381653143972,81.11793519189035,
2024-01-01 14:00:00,118.2093550387385,0.0,
2024-01-01 15:00:00,316.9866113948565,0.0,
2024-01-01 16:00:00,485.0684126472382,0.0,
2024-01-01 17:00:00,602.812424916982,0.0,
2024-01-01 18:00:00,757.1647783288905,0.0,
2024-01-01 19:00:00,892.2144108055971,0.0,5.540732638101455
2024-01-01 20:00:00,1001.7897306609377,0.0,6.869865639515439
2024-01-01 21:00:00,886.7370193534016,115.05271130753613,6.309654277164723
2024-01-01 22:00:00,1001.634364659534,0.15536600140376322,8.062821261312576
2024-01-01 23:00:00,891.8045002616009,109.98523039933684,6.0825787005246195
2024-01-02 00:00:00,1024.6687744352623,0.0,6.220253133907371
2024-01-02 01:00:00,900.6004563586138,124.06831807664855,6.40599948539232
2024-01-02 02:00:00,954.6618955936617,70.00687884160061,6.039298801007969
2024-01-02 03:00:00,1103.3362018212008,0.0,7.924083213350489
2024-01-02 04:00:00,1251.6006133359388,0.0,9.862768818371007
2024-01-02 05:00:00,1116.5402722073527,135.06034112858606,7.974008130834548
2024-01-02 06:00:00,1034.1459850213607,217.45462831457803,8.199094599216119
2024-01-02 07:00:00,1293.6687663118596,0.0,8.53476277570268
2024-01-02 08:00:00,1366.135594758553,0.0,10.336750724926473
2024-01-02 09:00:00,1519.5637434988544,0.0,10.246977527707058
2024-01-02 10:00:00,1710.239604367338,0.0,10.31651354559877
2024-01-02 11:00:00,1798.6963885456403,0.0,9.85980525794042
2024-01-02 12:00:00,1886.8488530017362,0.0,9.486412647881142
2024-01-02 13:00:00,1970.8260223475224,0.0,9.295946400656549
2024-01-02 14:00:00,1879.618196546483,91.20782580103946,7.414802384567069
2024-01-02 15:00:00,1758.187654005692,212.63836834183053,5.503997198800002
2024-01-02 16:00:00,1966.1174329560622,4.708589391460237,5.9114158313975995
2024-01-02 17:00:00,2075.0833170384767,0.0,7.594696618011128
2024-01-02 18:00:00,2221.2282315677717,0.0,7.736605112966499
2024-01-02 19:00:00,2388.285830308604,0.0,9.860524339137779
2024-01-02 20:00:00,2256.1590553667706,132.12677494183345,7.632120647100625
2024-01-02 21:00:00,2430.28267612893,0.0,9.906401557777631
2024-01-02 22:00:00,2304.8788645868776,125.40381154205215,8.206214302900603
2024-01-02 23:00:00,2159.4334478463015,270.84922828262825,6.1025641126988255
2024-01-03 00:00:00,2312.3438837686017,117.93879236032808,6.121667122558917
2024-01-03 01:00:00,2405.1953688770705,25.08730725185933,7.8447504350271675
2024-01-03 02:00:00,2320.646799466252,109.63587666267767,7.823924860342689
2024-01-03 03:00:00,2336.228744185894,94.05393194303588,6.757267204158713
2024-01-03 04:00:00,2461.960566794439,0.0,7.042668802668195
2024-01-03 05:00:00,2364.4167909760286,97.54377581841027,5.335482431770867
2024-01-03 06:00:00,2517.6307919308015,0.0,5.1841345096703035
2024-01-03 07:00:00,2613.7435530343364,0.0,5.226169257418713
2024-01-03 08:00:00,2662.4864237014563,0.0,4.992892766922315
2024-01-03 09:00:00,2821.8091394399275,0.0,5.365736047659732
2024-01-03 10:00:00,2911.794319087139,0.0,6.70345692048916
2024-01-03 11:00:00,2801.7592820119103,110.0350370752285,6.823549046501121
2024-01-03 12:00:00,3057.867091862542,0.0,6.9287571573162365
2024-01-03 13:00:00,2988.8410496790766,69.0260421834655,5.697113787182831
2024-01-03 14:00:00,3161.032021086388,0.0,5.804372994901711
2024-01-03 15:00:00,3349.7637237578547,0.0,5.8854790991258055
2024-01-03 16:00:00,3236.5623891569453,113.20133460090938,6.063140957664934
2024-01-03 17:00:00,3140.484606475528,209.27911728232675,4.379882744019309
2024-01-03 18:00:00,3042.5786690252285,307.1850547326262,4.609398516042596
2024-01-03 19:00:00,2931.0192611193756,418.74446263847904,4.912226110208322
2024-01-03 20:00:00,3095.068854506127,254.6948692517276,4.9608101184583635
2024-01-03 21:00:00,3213.9338785150976,135.82984524275707,5.096370210898617
2024-01-03 22:00:00,3140.921874778095,208.84184897975956,5.192875068051681
2024-01-03 23:00:00,3306.286850821926,43.476872935928895,6.004973033398342
2024-01-04 00:00:00,3520.170095611347,0.0,6.340999903153728
2024-01-04 01:00:00,3640.5915261695554,0.0,7.89306858575174
2024-01-04 02:00:00,3579.7558903841855,60.83563578536996,6.514738101793552
2024-01-04 03:00:00,3730.8060824658232,0.0,6.771388339867877
2024-01-04 04:00:00,3633.715961415605,97.09012105021839,5.69583907256176
2024-01-04 05:00:00,3813.4738126874504,0.0,5.7749771564248125
2024-01-04 06:00:00,3962.861474045105,0.0,6.051423522029298
2024-01-04 07:00:00,3835.94384290053,126.9176311445749,5.9072920335464065
2024-01-04 08:00:00,3711.277231033537,251.58424301156765,3.826930766434902
2024-01-04 09:00:00,3618.5878473782946,344.2736266668103,3.6604110347731376
2024-01-04 10:00:00,3475.1453171333746,487.7161569117302,1.8109692932190455
2024-01-04 11:00:00,3554.772128414547,408.089345630558,1.2278909923263677
2024-01-04 12:00:00,3747.6551095746477,215.20636447045717,3.001367461198043
2024-01-04 13:00:00,3642.856953675745,320.00452036935985,2.9408792513578055
2024-01-04 14:00:00,3558.43734910298,404.42412494212476,3.0335178417493833
2024-01-04 15:00:00,3504.4195164930575,458.44195755204737,3.4353060757541702
2024-01-04 16:00:00,3411.14229094737,551.7191830977349,1.9131427818191649
2024-01-04 17:00:00,3561.7719109864597,401.0895630586451,2.081633305663151
2024-01-04 18:00:00,3487.94153008808,474.91994395702477,2.0762742046907503
2024-01-04 19:00:00,3393.441790260231,569.419683784874,0.5317174220807995
2024-01-04 20:00:00,3437.2470040447406,525.6144700003642,-0.5443137832316267
2024-01-04 21:00:00,3321.474353394318,641.387120650787,-2.1171043149739557
2024-01-04 22:00:00,3194.5219132538673,768.3395607912375,-2.5096211322963105
2024-01-04 23:00:00,3369.1178718291926,593.7436022159122,-2.3213225204966337
2024-01-05 00:00:00,3578.089877865257,384.7715961798476,-0.33439748858519147
2024-01-05 01:00:00,3704.631095260022,258.23037878508285,-0.6714967792169936
2024-01-05 02:00:00,3774.9097123203037,187.95176172480114,-1.1953462818961234
2024-01-05 03:00:00,3656.9284616316904,305.9330124134144,-1.1424266276656505
2024-01-05 04:00:00,3543.426497487313,419.43497655779174,-1.0756980925700061
2024-01-05 05:00:00,3724.568994104688,238.2924799404168,0.6517456902032571
2024-01-05 06:00:00,3891.1846947036674,71.6767793414374,2.5621685244386305
2024-01-05 07:00:00,3768.730098606971,194.131375438134,1.287376999986436
2024-01-05 08:00:00,3950.9988960862283,11.8625779588765,1.2305297097645072
2024-01-05 09:00:00,4169.430473962846,0.0,3.0715512396633504
2024-01-05 10:00:00,4305.960132240618,0.0,4.3763319855157885
2024-01-05 11:00:00,4227.486399914496,78.47373232612154,4.202947071172243
2024-01-05 12:00:00,4076.384926733842,229.575205506776,3.7714590697977135
2024-01-05 13:00:00,4223.607541789011,82.35259045160728,3.756123210042746
2024-01-05 14:00:00,4391.937454093853,0.0,5.103578883911664
2024-01-05 15:00:00,4494.943464777486,0.0,6.374330715619648
2024-01-05 16:00:00,4618.430583858864,0.0,6.795300610323012
2024-01-05 17:00:00,4494.644398890994,123.78618496787021,6.722642624921898
2024-01-05 18:00:00,4373.652633651217,244.77795020764734,6.777084471819112
2024-01-05 19:00:00,4534.351629187928,84.07895467093658,6.725394865426742
2024-01-05 20:00:00,4670.599044330345,0.0,6.4593453781231
2024-01-05 21:00:00,4501.541409388278,169.05763494206712,4.455563372022217
2024-01-05 22:00:00,4493.907833641935,176.69121068841014,4.014585298998085
2024-01-05 23:00:00,4699.886579213664,0.0,5.823689128233893
2024-01-06 00:00:00,4817.557935001538,0.0,7.3665348117446205
2024-01-06 01:00:00,4913.480534820818,0.0,7.0032830078797375
2024-01-06 02:00:00,4859.174257138908,54.306277681910615,5.7101105219802095
2024-01-06 03:00:00,5036.119759323141,0.0,7.669881653163274
2024-01-06 04:00:00,4894.162732108567,141.95702721457383,5.518791500981016
2024-01-06 05:00:00,5072.3111939430955,0.0,5.37820173804306
2024-01-06 06:00:00,4973.766842781441,98.54435116165496,3.9228973486491028
2024-01-06 07:00:00,5082.2193369608885,0.0,5.084578220334381
2024-01-06 08:00:00,5257.265196342108,0.0,7.304176035658126
2024-01-06 09:00:00,5358.38743410218,0.0,7.088599065348953
2024-01-06 10:00:00,5427.010312208022,0.0,6.605127188813154
2024-01-06 11:00:00,5328.452860607863,98.55745160015886,5.1636892403724275
2024-01-06 12:00:00,5435.4321923436655,0.0,5.081355084689407
2024-01-06 13:00:00,5323.89552601677,111.5366663268951,5.190275179615079
2024-01-06 14:00:00,5350.313301010406,85.11889133325985,6.405213279079884
2024-01-06 15:00:00,5226.406443346292,209.02574899737374,4.434164902192326
2024-01-06 16:00:00,5380.7359327199365,54.69625962372902,4.519231961246493
2024-01-06 17:00:00,5276.0656156581745,159.36657668549105,5.127139022299483
2024-01-06 18:00:00,5184.758861365067,250.67333097859864,4.457196005517133
2024-01-06 19:00:00,5147.02088532443,288.4113070192352,3.031365466578751
2024-01-06 20:00:00,5297.941804283908,137.4903880597576,3.211544155426958
2024-01-06 21:00:00,5531.763669897672,0.0,3.868789794014618
2024-01-06 22:00:00,5387.406082524277,144.3575873733953,3.18732608500972
2024-01-06 23:00:00,5594.593784684624,0.0,3.319825745200974
2024-01-07 00:00:00,5786.110575511836,0.0,5.3631079229805705
2024-01-07 01:00:00,5660.42806073457,125.68251477726608,3.501795607291557
2024-01-07 02:00:00,5552.331812675769,233.77876283606747,3.4320810630686966
2024-01-07 03:00:00,5422.968901202299,363.14167430953694,1.9756872331336737
2024-01-07 04:00:00,5534.27944124712,251.83113426471573,1.6441788240739006
2024-01-07 05:00:00,5622.046706081549,164.063869430287,1.5699138772691312
2024-01-07 06:00:00,5595.419265470054,190.69131004178234,1.00565918133732
2024-01-07 07:00:00,5751.880324568815,34.23025094302102,2.501748305214351
2024-01-07 08:00:00,5995.981549392567,0.0,3.1284550547204484
2024-01-07 09:00:00,5936.344150777217,59.63739861535032,3.47242092642729
2024-01-07 10:00:00,6089.130396391652,0.0,4.111729692733915
2024-01-07 11:00:00,6293.839972315199,0.0,5.964739557594959
2024-01-07 12:00:00,6484.998501513294,0.0,6.101493755293093
2024-01-07 13:00:00,6638.664399872714,0.0,7.720380394488915
2024-01-07 14:00:00,6653.820067725635,0.0,8.595045347536606
2024-01-07 15:00:00,6801.105324399745,0.0,9.799149401752329
2024-01-07 16:00:00,6693.0386636831,108.06666071664495,7.940994260192261
2024-01-07 17:00:00,6787.712368246016,13.392956153728846,7.428309139826546
2024-01-07 18:00:00,6670.502508039609,130.60281636013588,7.708609235226795
2024-01-07 19:00:00,6793.1595609775895,7.9457634221553235,7.397360404655576
2024-01-07 20:00:00,7005.463820602471,0.0,7.456206370535797
2024-01-07 21:00:00,6843.262113630227,162.2017069722442,7.070230960131589
2024-01-07 22:00:00,7040.0460332876,0.0,9.079792731542309
2024-01-07 23:00:00,6978.192686137425,61.85334715017507,9.853864571378354
2024-01-08 00:00:00,7067.086295692828,0.0,9.728596019884451
2024-01-08 01:00:00,6988.476248597999,78.61004709482859,8.360569251514896
2024-01-08 02:00:00,7168.131311496419,0.0,9.6039310340355
2024-01-08 03:00:00,7302.65398953072,0.0,9.513892137035919
2024-01-08 04:00:00,7186.972298915149,115.68169061557091,7.271082760734445
2024-01-08 05:00:00,7389.422760206993,0.0,8.832990727866498
2024-01-08 06:00:00,7549.973633567124,0.0,8.862402318382077
2024-01-08 07:00:00,7695.137977973604,0.0,8.666788721316054
2024-01-08 08:00:00,7860.528066418207,0.0,8.584715024214733
2024-01-08 09:00:00,7709.223014638508,151.30505177969917,6.316052232069629
2024-01-08 10:00:00,7869.015277393392,0.0,7.079633269337828
2024-01-08 11:00:00,7739.664094064941,129.35118332845104,5.285089485100717
2024-01-08 12:00:00,7647.344986094357,221.67029129903494,5.407141919203796
2024-01-08 13:00:00,7576.825715612723,292.18956178066946,4.41001173647751
2024-01-08 14:00:00,7752.708666636179,116.3066107572131,6.130323510648145
2024-01-08 15:00:00,7866.421475978506,2.593801414886002,6.089052104295136
2024-01-08 16:00:00,7968.951531536909,0.0,5.646652069533869
2024-01-08 17:00:00,8250.570634778778,0.0,8.243119857648484
2024-01-08 18:00:00,8528.574861692217,0.0,8.402096028432172
2024-01-08 19:00:00,8673.771866705985,0.0,9.777376237209507
2024-01-08 20:00:00,8859.15946347876,0.0,10.19815870757336
2024-01-08 21:00:00,8742.285460201932,116.87400327682735,9.793236510254129
2024-01-08 22:00:00,8888.56378874693,0.0,9.67107132298508
2024-01-08 23:00:00,9069.597393624463,0.0,9.847535141565904
2024-01-09 00:00:00,8967.492422280704,102.10497134375873,9.993003105082975
2024-01-09 01:00:00,9034.444375604904,35.15301801955866,9.398410270908762
2024-01-09 02:00:00,8902.012679392656,167.58471423180708,7.37424698552725
2024-01-09 03:00:00,9104.6703220593,0.0,7.575154100540352
2024-01-09 04:00:00,9007.55394536753,97.11637669177071,6.051307136680524
2024-01-09 05:00:00,8893.685686706378,210.98463535292285,6.355296547077046
2024-01-09 06:00:00,9116.034580924064,0.0,6.56352683894181
2024-01-09 07:00:00,9275.862319749644,0.0,8.396733324246485
2024-01-09 08:00:00,9429.976519213415,0.0,10.071642396233173
2024-01-09 09:00:00,9633.250537966682,0.0,11.87807758727962
2024-01-09 10:00:00,9760.975411896643,0.0,11.678853135143951
2024-01-09 11:00:00,9983.644635752527,0.0,12.073078245103904
2024-01-09 12:00:00,10131.910391383188,0.0,12.30578854488007
2024-01-09 13:00:00,10038.936833359283,92.97355802390484,10.128946189589866
2024-01-09 14:00:00,9937.45292206971,194.4574693134782,8.048065063001637
2024-01-09 15:00:00,10121.19389667804,10.716494705147852,8.188559934652465
2024-01-09 16:00:00,10239.306897465474,0.0,7.924366480222553
2024-01-09 17:00:00,10362.757049715383,0.0,9.780122295874511
2024-01-09 18:00:00,10305.372177155079,57.38487256030385,8.388815338228836
2024-01-09 19:00:00,10426.834862467605,0.0,8.153445496161948
2024-01-09 20:00:00,10546.195427943387,0.0,9.92271047695548
2024-01-09 21:00:00,10676.810349946587,0.0,10.28348314875234
2024-01-09 22:00:00,10757.84438854586,0.0,12.665161863802677
2024-01-09 23:00:00,10871.297886548764,0.0,12.349149665921146
2024-01-10 00:00:00,11147.644507842446,0.0,15.146856469990626
2024-01-10 01:00:00,11271.10106919643,0.0,18.989293970873284
2024-01-10 02:00:00,11462.125178256298,0.0,19.02258767711018
2024-01-10 03:00:00,11377.343399189516,84.78177906678138,15.568015182226976
2024-01-10 04:00:00,11518.987495173673,0.0,15.513926186846396
2024-01-10 05:00:00,11423.388905766673,95.59858940699996,12.568640258042905
2024-01-10 06:00:00,11582.943859167668,0.0,12.703610231430536
2024-01-10 07:00:00,11735.265686575476,0.0,12.570738258448705
2024-01-10 08:00:00,11880.500909956128,0.0,12.55869505102428
2024-01-10 09:00:00,11788.871555729238,91.62935422689043,12.581457630487302
2024-01-10 10:00:00,11692.860645953644,187.6402640024844,12.676772119669973
2024-01-10 11:00:00,11571.85702150547,308.6438884506588,9.857039975748355
2024-01-10 12:00:00,11800.133222967186,80.3676869889423,10.190119288490479
2024-01-10 13:00:00,11698.160715134996,182.34019482113217,8.316458191831847
2024-01-10 14:00:00,11567.523730621075,312.97717933505373,7.579524173385325
2024-01-10 15:00:00,11752.941552986042,127.55935697008681,7.830828422535092
2024-01-10 16:00:00,11708.340662867471,172.16024708865734,6.782656027409043
2024-01-10 17:00:00,11804.836424551164,75.66448540496458,6.619811384550651
2024-01-10 18:00:00,11892.259453341641,0.0,6.653921913796034
2024-01-10 19:00:00,12114.447683545304,0.0,7.056601312160767
2024-01-10 20:00:00,12033.729366341331,80.71831720397313,5.260220409754189
2024-01-10 21:00:00,12250.186992847952,0.0,5.62545888588226
2024-01-10 22:00:00,12366.367377744988,0.0,5.313577194381451
2024-01-10 23:00:00,12320.395590732312,45.97178701267512,5.612174240505841
2024-01-11 00:00:00,12447.780274769859,0.0,5.547884811448784
2024-01-11 01:00:00,12275.06389497099,172.71637979886873,4.890358254607848
2024-01-11 02:00:00,12424.883768016462,22.89650675339726,4.849089368710795
2024-01-11 03:00:00,12516.965533556835,0.0,4.564759985383391
2024-01-11 04:00:00,12616.88453306209,0.0,4.347896840562588
2024-01-11 05:00:00,12752.829518417791,0.0,5.769943900141424
2024-01-11 06:00:00,12905.8110369138,0.0,7.404884725238362
2024-01-11 07:00:00,12786.402933582633,119.40810333116679,7.421297154379236
2024-01-11 08:00:00,12725.924755551663,179.8862813621363,5.818410081912008
2024-01-11 09:00:00,12631.852743692436,273.9582932213634,5.890295969670518
2024-01-11 10:00:00,12765.83537828272,139.97565863107957,7.928379451901806
2024-01-11 11:00:00,12678.560356674778,227.25068023902168,6.099717590265067
2024-01-11 12:00:00,12579.700461019824,326.1105758939757,5.614672708899691
2024-01-11 13:00:00,12735.702027355737,170.1090095580621,5.900041330606069
2024-01-11 14:00:00,12861.542704240768,44.26833267303118,6.097233514729876
2024-01-11 15:00:00,13090.24204240527,0.0,6.114963001073708
2024-01-11 16:00:00,13022.60246740821,67.63957499706157,6.22996975586485
2024-01-11 17:00:00,12921.447213323188,168.7948290820823,4.302793949254784
2024-01-11 18:00:00,13040.169078247713,50.07296415755809,4.315929900148057
2024-01-11 19:00:00,13209.959254919582,0.0,5.604145140494483
2024-01-11 20:00:00,13387.139262649303,0.0,5.8164039638886385
2024-01-11 21:00:00,13276.02083268672,111.11842996258383,6.444666129079533
2024-01-11 22:00:00,13361.286758900675,25.852503748628806,6.124400620581698
2024-01-11 23:00:00,13569.328098269601,0.0,6.613317017094486
2024-01-12 00:00:00,13499.216102853015,70.11199541658607,5.443552015267624
2024-01-12 01:00:00,13624.52827369495,0.0,5.393801615190407
2024-01-12 02:00:00,13514.879222158428,109.64905153652217,3.7210391677425974
2024-01-12 03:00:00,13477.181661665254,147.3466120296962,4.3449682945060655
2024-01-12 04:00:00,13663.563138847103,0.0,5.793505890808
2024-01-12 05:00:00,13565.121515421322,98.44162342578056,5.755046327760913
2024-01-12 06:00:00,13760.937899156446,0.0,6.0003490497264265
2024-01-12 07:00:00,13671.332553433385,89.60534572306096,5.980452647852406
2024-01-12 08:00:00,13589.715770585262,171.22212857118393,6.129447811310082
2024-01-12 09:00:00,13687.04499242658,73.89290672986681,5.856034839234172
2024-01-12 10:00:00,13591.557559580886,169.38033957556036,4.41139921952739
2024-01-12 11:00:00,13759.805609704197,1.132289452249097,4.173895021745897
2024-01-12 12:00:00,13941.742120805657,0.0,5.650445430994633
2024-01-12 13:00:00,13807.451973423742,134.29014738191472,5.356258903095
2024-01-12 14:00:00,13973.519834196255,0.0,5.565061255584667
2024-01-12 15:00:00,14144.61587190802,0.0,5.570174767802533
2024-01-12 16:00:00,14279.73769674002,0.0,5.394411170377954
2024-01-12 17:00:00,14498.523037405601,0.0,7.381082629367896
2024-01-12 18:00:00,14368.781266921911,129.74177048368983,5.794240199984746
2024-01-12 19:00:00,14411.111761241726,87.4112761638753,5.0263380280592
2024-01-12 20:00:00,14610.200035591306,0.0,6.551941064667247
2024-01-12 21:00:00,14743.958466415876,0.0,6.589831974658335
2024-01-12 22:00:00,14963.172107341401,0.0,8.603204043797467
2024-01-12 23:00:00,15141.36756334402,0.0,9.933589359876297
2024-01-13 00:00:00,15044.493596462577,96.87396688144327,8.033071370495806
2024-01-13 01:00:00,15191.3639400676,0.0,9.81328336497795
2024-01-13 02:00:00,15350.358647625275,0.0,9.697043939131955
2024-01-13 03:00:00,15569.958761942506,0.0,11.839014510264615
2024-01-13 04:00:00,15473.120027126884,96.83873481562114,11.638810695701336
2024-01-13 05:00:00,15556.418752380974,13.540009561531406,11.550294664725532
2024-01-13 06:00:00,15712.67997751337,0.0,13.903067119148211
2024-01-13 07:00:00,15599.797811279612,112.88216623375774,11.275921044255487
2024-01-13 08:00:00,15687.604649510047,25.075328003322284,10.84489958006073
2024-01-13 09:00:00,15802.959389620251,0.0,13.571530252995514
2024-01-13 10:00:00,15893.579468668775,0.0,13.175918323657301
2024-01-13 11:00:00,16059.070504180127,0.0,13.158487874156442
2024-01-13 12:00:00,16181.195914929734,0.0,13.09149039719578
2024-01-13 13:00:00,16262.705765950781,0.0,12.552144175334435
2024-01-13 14:00:00,16179.77525832634,82.93050762444182,13.415486732551798
2024-01-13 15:00:00,16128.627157020195,134.0786089305857,12.246214412963642
2024-01-13 16:00:00,16280.331330433157,0.0,12.131878444259755
2024-01-13 17:00:00,16157.232133501398,123.09919693175834,9.5215634737537
2024-01-13 18:00:00,16368.615583125063,0.0,9.50979323618468
2024-01-13 19:00:00,16232.326352564327,136.28923056073654,7.039178748865828
2024-01-13 20:00:00,16148.489032337719,220.12655078734497,7.170670084049474
2024-01-13 21:00:00,16020.868824545338,347.7467585797258,5.196689766140304
2024-01-13 22:00:00,15888.09944160516,480.5161415199036,3.3029299852230665
2024-01-13 23:00:00,15778.607188114316,590.0083950107473,1.3328697083559011
2024-01-14 00:00:00,15682.613415257785,686.0021678672783,1.338679600546333
2024-01-14 01:00:00,15824.989923438758,543.6256596863059,1.6823276351241534
2024-01-14 02:00:00,15669.903762245658,698.7118208794054,-0.2665774588819713
2024-01-14 03:00:00,15845.303328591286,523.3122545337774,1.4938119446350684
2024-01-14 04:00:00,15999.394796518663,369.2207866064,1.8568281097438977
2024-01-14 05:00:00,16144.450313859106,224.16526926595725,2.013628877604923
2024-01-14 06:00:00,16321.275806037627,47.33977708743623,2.452610971982848
2024-01-14 07:00:00,16194.321766583897,174.29381654116696,0.7788514293221984
2024-01-14 08:00:00,16413.83214403476,0.0,1.2847970274064457
2024-01-14 09:00:00,16591.722659352356,0.0,1.767571822059065
2024-01-14 10:00:00,16744.555155597212,0.0,3.012645441361379
2024-01-14 11:00:00,16921.03979331505,0.0,4.162647377208636
2024-01-14 12:00:00,17147.577334932233,0.0,4.443979282815495
2024-01-14 13:00:00,17358.5154275171,0.0,6.191126309191556
2024-01-14 14:00:00,17240.113347610873,118.4020799062273,4.474077523546856
2024-01-14 15:00:00,17131.03925701623,227.47617050087138,4.660651500015877
2024-01-14 16:00:00,16954.42162296917,404.09380454793063,4.036591067151558
2024-01-14 17:00:00,17151.137618531135,207.3778089859661,5.7151473852640455
2024-01-14 18:00:00,17272.3120984948,86.20332902230075,7.275396214572618
2024-01-14 19:00:00,17292.759983887554,65.75544362954679,8.253153905833942
2024-01-14 20:00:00,17441.994491428904,0.0,9.929334561847986
2024-01-14 21:00:00,17359.373236416937,82.62125501196715,8.399698310359346
2024-01-14 22:00:00,17500.725933420767,0.0,10.776689273851384
2024-01-14 23:00:00,17452.077187825038,48.64874559572854,9.322446183697089
2024-01-15 00:00:00,17571.796410838193,0.0,9.174087224134825
2024-01-15 01:00:00,17526.5767022446,45.21970859359135,7.961440094593609
2024-01-15 02:00:00,17465.628940926566,106.16746991162654,6.569222276460274
2024-01-15 03:00:00,17412.474276828372,159.32213400982073,7.2148730524335525
2024-01-15 04:00:00,17544.208199262768,27.588211575424793,6.905896519486894
2024-01-15 05:00:00,17703.442214556013,0.0,6.836812381413498
2024-01-15 06:00:00,17572.034885075554,131.40732948045843,4.9245174194331955
2024-01-15 07:00:00,17488.134467651373,215.30774690464023,3.4050195589668704
2024-01-15 08:00:00,17418.01589822555,285.42631633046403,1.71386720198512
2024-01-15 09:00:00,17530.176143797074,173.26607075893844,1.14656682868547
2024-01-15 10:00:00,17648.000232278067,55.4419822779455,2.760536157926241
2024-01-15 11:00:00,17575.835436120506,127.6067784355073,3.059085815272592
2024-01-15 12:00:00,17673.594976419456,29.84723813655728,5.360398008054913
2024-01-15 13:00:00,17725.277146950655,0.0,4.571394822481401
2024-01-15 14:00:00,17918.30082136864,0.0,4.9122688866336635
2024-01-15 15:00:00,18039.146949440194,0.0,5.57957122532806
2024-01-15 16:00:00,18222.291012873564,0.0,5.718318808245061
2024-01-15 17:00:00,18157.495228598124,64.79578427544038,5.902618825857572
2024-01-15 18:00:00,18041.63672814563,180.65428472793428,3.9063428841520063
2024-01-15 19:00:00,18220.954929083386,1.336083790178236,5.381210022530679
2024-01-15 20:00:00,18143.55517771652,78.73583515704377,3.9623192016331346
2024-01-15 21:00:00,18312.61309696066,0.0,5.320812383312814
2024-01-15 22:00:00,18206.34239924208,106.27069771858078,4.911319937151368
2024-01-15 23:00:00,18080.8267856158,231.7863113448584,4.291728897694841
2024-01-16 00:00:00,17976.806270615612,335.80682634504774,2.7475376375387652
2024-01-16 01:00:00,18127.54068035207,185.07241660858926,2.7039190290460566
2024-01-16 02:00:00,18313.65974824346,0.0,4.737506633217602
2024-01-16 03:00:00,18202.474753680704,111.18499456275458,4.507401948905746
2024-01-16 04:00:00,18276.1919379522,37.4678102912585,5.5148709978105135
2024-01-16 05:00:00,18489.32114312356,0.0,5.926492404061417
2024-01-16 06:00:00,18742.39632195538,0.0,6.401952827450297
2024-01-16 07:00:00,18678.647308873176,63.74901308220433,6.47034125897546
2024-01-16 08:00:00,18863.466681246013,0.0,6.838834671658998
2024-01-16 09:00:00,19061.231941674538,0.0,7.494649439269206
2024-01-16 10:00:00,19286.904428836646,0.0,7.586066504091697
2024-01-16 11:00:00,19468.445013064385,0.0,7.824080129905971
2024-01-16 12:00:00,19599.834674260834,0.0,7.627332458816299
2024-01-16 13:00:00,19804.272105246044,0.0,9.15465763863359
2024-01-16 14:00:00,19708.49869265338,95.77341259266541,9.358316997328116
2024-01-16 15:00:00,19770.076724375234,34.19538087080946,8.80733184979607
2024-01-16 16:00:00,19634.979219303925,169.29288594211903,8.248302633084029
2024-01-16 17:00:00,19641.366108639842,162.90599660620137,7.401817489761468
2024-01-16 18:00:00,19741.44683668043,62.82526856561526,8.914909347008807
2024-01-16 19:00:00,19906.5364316714,0.0,11.208418201825951
2024-01-16 20:00:00,20045.212487076325,0.0,13.55430074899697
2024-01-16 21:00:00,19956.233452280812,88.97903479551314,11.351404432986685
2024-01-16 22:00:00,19985.021439267166,60.1910478091595,10.481240989392916
2024-01-16 23:00:00,19911.542801157997,133.66968591832847,10.96050664516331
2024-01-17 00:00:00,19983.41550831367,61.79697876265709,10.94780270170146
2024-01-17 01:00:00,19867.54392799328,177.6685590830457,8.56633746651889
2024-01-17 02:00:00,19719.089973516115,326.1225135602108,6.019658777868036
2024-01-17 03:00:00,19927.326941238975,117.88554583735095,7.58797539601575
2024-01-17 04:00:00,20098.767766255503,0.0,7.542885792147287
2024-01-17 05:00:00,20283.42304661866,0.0,7.502700042131553
2024-01-17 06:00:00,20196.51984074339,86.90320587527094,5.6744481373162845
2024-01-17 07:00:00,20391.7165827977,0.0,5.723529992202527
2024-01-17 08:00:00,20509.418373841472,0.0,5.658285479083691
2024-01-17 09:00:00,20619.45877350896,0.0,5.2574692774304985
2024-01-17 10:00:00,20510.704435441494,108.75433806746514,5.140765701740424
2024-01-17 11:00:00,20582.54489500666,36.91387850229876,5.201708155355314
2024-01-17 12:00:00,20747.482540424946,0.0,7.378817476008799
2024-01-17 13:00:00,20624.92880892209,122.55373150285595,6.206729139314708
2024-01-17 14:00:00,20581.127742208617,166.35479821632907,5.255078741918487
2024-01-17 15:00:00,20785.13014549435,0.0,5.402082854115385
2024-01-17 16:00:00,20918.391378889024,0.0,5.3772725478001995
2024-01-17 17:00:00,21048.208955726925,0.0,6.862646884246842
2024-01-17 18:00:00,20948.935539427108,99.27341629981674,5.847533357248426
2024-01-17 19:00:00,21169.546567197878,0.0,7.510238660408904
2024-01-17 20:00:00,21378.915869776116,0.0,8.088731519271764
2024-01-17 21:00:00,21356.602779036675,22.313090739440668,8.970043210747695
2024-01-17 22:00:00,21456.27565077269,0.0,11.404657715014725
2024-01-17 23:00:00,21663.269578829146,0.0,11.402663194259064
2024-01-18 00:00:00,21855.300580154373,0.0,11.457894418686847
2024-01-18 01:00:00,22032.637258564442,0.0,11.43796711766816
2024-01-18 02:00:00,22232.55280347184,0.0,13.866075918165347
2024-01-18 03:00:00,22360.971787835937,0.0,13.630582752219755
2024-01-18 04:00:00,22525.136181413243,0.0,13.846220941295392
2024-01-18 05:00:00,22417.36903220212,107.76714921112216,11.458047091549163
2024-01-18 06:00:00,22593.064424685068,0.0,14.168066790226606
2024-01-18 07:00:00,22752.04351378205,0.0,14.715819600593449
2024-01-18 08:00:00,22895.41182646292,0.0,14.625663379403026
2024-01-18 09:00:00,22996.68536122939,0.0,18.22039272801038
2024-01-18 10:00:00,23163.28437775784,0.0,21.261875574514864
2024-01-18 11:00:00,23068.99936815121,94.28500960662859,16.986269379328643
2024-01-18 12:00:00,22940.93620708987,222.34817066796677,13.434417415346909
2024-01-18 13:00:00,23145.23531289862,18.04906485921674,13.690427283714845
2024-01-18 14:00:00,23294.264332604234,0.0,16.631012060608768
2024-01-18 15:00:00,23429.10534346252,0.0,16.3969323750049
2024-01-18 16:00:00,23357.61457122173,71.49077224079156,13.743949242694384
2024-01-18 17:00:00,23593.145239850826,0.0,15.515135817531677
2024-01-18 18:00:00,23495.246804744223,97.89843510660285,13.085640142560973
2024-01-18 19:00:00,23703.34071987463,0.0,13.087471284939006
2024-01-18 20:00:00,23609.028168372595,94.31255150203651,10.773347033115149
2024-01-18 21:00:00,23809.08047300095,0.0,10.83523125638971
2024-01-18 22:00:00,24039.694385900384,0.0,10.892636363281522
2024-01-18 23:00:00,24255.440108579587,0.0,11.185611603217145
2024-01-19 00:00:00,24159.136252783122,96.30385579646463,9.273415449029873
2024-01-19 01:00:00,24336.710521585144,0.0,11.373949574773842
2024-01-19 02:00:00,24465.245410359283,0.0,11.183536322921743
2024-01-19 03:00:00,24580.62436136559,0.0,10.98705141615216
2024-01-19 04:00:00,24471.348089054092,109.27627231149745,9.013089359790952
2024-01-19 05:00:00,24583.740268774563,0.0,9.069033765479558
2024-01-19 06:00:00,24474.168650704563,109.57161807000011,7.254609163771125
2024-01-19 07:00:00,24350.28787500046,233.45239377410326,6.99925859908162
2024-01-19 08:00:00,24410.130891187662,173.60937758690125,8.442895901696277
2024-01-19 09:00:00,24480.92409403739,102.81617473717415,7.873714360452329
2024-01-19 10:00:00,24606.771041453216,0.0,7.774418537078163
2024-01-19 11:00:00,24764.110692052494,0.0,7.8663438185327745
2024-01-19 12:00:00,24903.55418011111,0.0,9.329000300539226
2024-01-19 13:00:00,25004.195203753552,0.0,8.86441699448174
2024-01-19 14:00:00,25149.26579713934,0.0,10.862573409793326
2024-01-19 15:00:00,25049.831285827684,99.4345113116542,8.646960299494154
2024-01-19 16:00:00,25142.64497546165,6.620821677686763,10.345862946276943
2024-01-19 17:00:00,25298.072960750476,0.0,10.223613520160145
2024-01-19 18:00:00,25236.044195976418,62.0287647740588,8.38172894204803
2024-01-19 19:00:00,25342.735453565692,0.0,7.9992766327984945
2024-01-19 20:00:00,25284.509412567622,58.22604099806995,8.475147444958697
2024-01-19 21:00:00,25422.007086837675,0.0,8.336834288495169
2024-01-19 22:00:00,25352.983472967924,69.02361386975099,6.692897421191362
2024-01-19 23:00:00,25559.318729809303,0.0,7.039592741208337
2024-01-20 00:00:00,25774.834167115285,0.0,9.427992042518989
2024-01-20 01:00:00,25994.61835765478,0.0,9.764486625338032
2024-01-20 02:00:00,26143.298069806835,0.0,12.305389193342418
2024-01-20 03:00:00,26307.306127747815,0.0,15.97723561808682
2024-01-20 04:00:00,26452.88797978755,0.0,16.655614546042486
2024-01-20 05:00:00,26584.38742829344,0.0,17.16511023652643
2024-01-20 06:00:00,26505.296060428762,79.09136786467934,14.293555149633809
2024-01-20 07:00:00,26638.605085940962,0.0,14.19525469068999
2024-01-20 08:00:00,26728.90883562101,0.0,13.896531339063928
2024-01-20 09:00:00,26633.19712846392,95.71170715709013,11.517045054183557
2024-01-20 10:00:00,26774.78993753468,0.0,11.502813744623037
2024-01-20 11:00:00,26901.18540864982,0.0,14.11690022346206
2024-01-20 12:00:00,26725.27678296743,175.90862568239027,10.454006117384706
2024-01-20 13:00:00,26860.976571873423,40.20883677639722,10.373738988938078
2024-01-20 14:00:00,27143.193739224276,0.0,12.300105686497027
2024-01-20 15:00:00,27218.045222804518,0.0,12.089687245909348
2024-01-20 16:00:00,27126.11903104187,91.92619176264634,11.645711257224074
2024-01-20 17:00:00,27258.959417267,0.0,11.624076688787271
2024-01-20 18:00:00,27105.768443220793,153.19097404620697,10.512876060736255
2024-01-20 19:00:00,27318.864518256494,0.0,10.527382373509859
2024-01-20 20:00:00,27217.217698238004,101.64682001848996,8.446608192102424
2024-01-20 21:00:00,27125.784320483734,193.08019777276058,6.623151465163505
2024-01-20 22:00:00,27305.462156597776,13.402361658718291,6.741006813533125
2024-01-20 23:00:00,27117.25049755785,201.61402069864562,4.436058392460707
2024-01-21 00:00:00,27218.667660830783,100.19685742571164,4.2337652554081195
2024-01-21 01:00:00,27077.279115887115,241.58540236937915,2.658431873805799
2024-01-21 02:00:00,26999.031989492556,319.83252876393817,2.6635500994054766
2024-01-21 03:00:00,27174.840903848304,144.02361440819004,2.8550725224653095
2024-01-21 04:00:00,27323.51484088585,0.0,3.126671657929308
2024-01-21 05:00:00,27429.421108324466,0.0,4.245948436470387
2024-01-21 06:00:00,27272.612668315855,156.8084400086118,2.5825444463930936
2024-01-21 07:00:00,27433.2773536845,0.0,2.7356087205760495
2024-01-21 08:00:00,27544.820236195137,0.0,4.401829997750463
2024-01-21 09:00:00,27416.623143161873,128.19709303326454,2.927929003310367
2024-01-21 10:00:00,27318.421122069863,226.39911412527363,0.990007284772796
2024-01-21 11:00:00,27226.74243020861,318.0778059865261,0.04885636068764328
2024-01-21 12:00:00,27387.225400972344,157.59483522279334,1.4406029724523852
2024-01-21 13:00:00,27512.643591690743,32.17664450439406,1.4027340480493564
2024-01-21 14:00:00,27411.876362324983,132.94387387015377,1.7254943474965498
2024-01-21 15:00:00,27473.422567080528,71.39766911460902,0.9189753368724607
2024-01-21 16:00:00,27363.58572558514,181.2345106099965,0.8679042976693913
2024-01-21 17:00:00,27268.24144610091,276.57879009422686,0.8437395938197693
2024-01-21 18:00:00,27394.430402423677,150.38983377145996,0.5395294080064753
2024-01-21 19:00:00,27320.66207784506,224.15815835007743,1.2982937357799107
2024-01-21 20:00:00,27147.497563096767,397.3226730983697,-0.4384795350816764
2024-01-21 21:00:00,27290.783604987453,254.03663120768397,1.318512633237677
2024-01-21 22:00:00,27445.216484535526,99.60375165961159,2.7123531102194076
2024-01-21 23:00:00,27605.082269905804,0.0,2.6344252105623274
2024-01-22 00:00:00,27682.889529099128,0.0,2.2476416962171224
2024-01-22 01:00:00,27718.080481442266,0.0,1.8284761452005556
2024-01-22 02:00:00,27636.74669576357,81.33378567869659,2.389874316366433
2024-01-22 03:00:00,27502.581702230145,215.498779212121,0.4560257853505573
2024-01-22 04:00:00,27376.491809791904,341.5886716503628,-1.1030690053933305
2024-01-22 05:00:00,27582.76354901264,135.316932429625,1.0409949962907805
2024-01-22 06:00:00,27734.80950778243,0.0,2.5829185282929754
2024-01-22 07:00:00,27834.700134993356,0.0,3.822203921594594
2024-01-22 08:00:00,27856.58345205359,0.0,3.0416286355806337
2024-01-22 09:00:00,27750.852619175585,105.73083287800546,1.5339612950624428
2024-01-22 10:00:00,27936.621684947648,0.0,3.3031864320994617
2024-01-22 11:00:00,28122.530971233045,0.0,3.935959078078031
2024-01-22 12:00:00,28277.623785996144,0.0,5.618117528159014
2024-01-22 13:00:00,28505.074793570904,0.0,7.508800113832164
2024-01-22 14:00:00,28663.741876789423,0.0,7.645224290048609
2024-01-22 15:00:00,28825.939536684848,0.0,9.234084139670022
2024-01-22 16:00:00,28967.146816463242,0.0,12.448230098082222
2024-01-22 17:00:00,29200.220324749644,0.0,12.647688348078471
2024-01-22 18:00:00,29287.212086491014,0.0,12.283004561719503
2024-01-22 19:00:00,29168.72124424983,118.49084224118269,9.7944700666625
2024-01-22 20:00:00,29397.74827857825,0.0,10.380326003559762
2024-01-22 21:00:00,29496.993568986854,0.0,10.810803877489485
2024-01-22 22:00:00,29605.236423905353,0.0,12.567186272803763
2024-01-22 23:00:00,29859.71335999009,0.0,16.105756105913276
2024-01-23 00:00:00,30000.69377590197,0.0,20.621207439363566
2024-01-23 01:00:00,30219.336199635796,0.0,20.612225355986222
2024-01-23 02:00:00,30106.458867026835,112.8773326089613,16.351527249293678
2024-01-23 03:00:00,30024.115465119958,195.22073451583856,14.061950831406984
2024-01-23 04:00:00,30275.3309462843,0.0,15.2792627579169
2024-01-23 05:00:00,30357.17224605466,0.0,18.09412740237136
2024-01-23 06:00:00,30269.94886224045,87.22338381420923,15.019850372919167
2024-01-23 07:00:00,30170.52329556292,186.6489504917372,12.396394872397222
2024-01-23 08:00:00,30394.72909698972,0.0,12.589000993676995
2024-01-23 09:00:00,30562.509764429,0.0,12.440372343053324
2024-01-23 10:00:00,30756.62641754517,0.0,12.556355691986742
2024-01-23 11:00:00,30884.021900903514,0.0,12.40091145593158
2024-01-23 12:00:00,31071.231499478512,0.0,12.57300694335566
2024-01-23 13:00:00,31212.17029081761,0.0,12.310382304634802
2024-01-23 14:00:00,31056.17409227679,155.99619854081902,9.896622854080254
2024-01-23 15:00:00,31256.549776768636,0.0,12.261479226872217
2024-01-23 16:00:00,31156.977968803727,99.57180796490866,10.037123558373537
2024-01-23 17:00:00,31259.280997833896,0.0,10.053504535293095
2024-01-23 18:00:00,31508.10302705967,0.0,10.511931816534048
2024-01-23 19:00:00,31579.89094647412,0.0,9.841099741435253
2024-01-23 20:00:00,31723.513490455243,0.0,9.85221412597114
2024-01-23 21:00:00,31949.07123696761,0.0,9.866480992733313
2024-01-23 22:00:00,31968.860544136256,0.0,11.187512871109785
2024-01-23 23:00:00,31874.82898854015,94.03155559610605,11.04706630468452
2024-01-24 00:00:00,31721.471361019954,247.38918311630187,8.303712746500853
2024-01-24 01:00:00,31631.060915797523,337.7996283387329,7.075992743626507
2024-01-24 02:00:00,31726.69861885438,242.16192528187457,8.347693368377342
2024-01-24 03:00:00,31594.123864987825,374.736679148431,8.021741712372291
2024-01-24 04:00:00,31442.349663124107,526.5108810121492,5.758174379960495
2024-01-24 05:00:00,31558.471430507325,410.3891136289312,5.540261421547734
2024-01-24 06:00:00,31440.546124666576,528.3144194696797,3.792540864907566
2024-01-24 07:00:00,31383.21722051753,585.6433236187258,2.775382866894556
2024-01-24 08:00:00,31565.739725144336,403.1208189919198,2.754664541588187
2024-01-24 09:00:00,31640.585710056344,328.27483407991167,2.4219506247449
2024-01-24 10:00:00,31556.62087951076,412.2396646254965,2.9104554974081616
2024-01-24 11:00:00,31751.00365080445,217.85689333180562,2.8840395205956146
2024-01-24 12:00:00,31634.25459818607,334.60594595018483,2.766019264158625
2024-01-24 13:00:00,31729.246886537487,239.61365759876935,2.727848606620071
2024-01-24 14:00:00,31824.661842730522,144.19870140573403,1.971795021412863
2024-01-24 15:00:00,31955.306857606804,13.553686529452534,2.301846213223731
2024-01-24 16:00:00,31809.77064520638,159.08989892987665,0.5229789620363754
2024-01-24 17:00:00,31699.059769182182,269.80077495407386,-1.622392773412579
2024-01-24 18:00:00,31613.820334621967,355.040209514289,-2.2891158249889587
2024-01-24 19:00:00,31498.03928934194,470.8212547943149,-2.4136069507151694
2024-01-24 20:00:00,31429.83738086334,539.0231632729156,-1.9216372540524216
2024-01-24 21:00:00,31348.34755935064,620.5129847856151,-1.8671877266187389
2024-01-24 22:00:00,31409.535797705725,559.3247464305314,-2.11971418812773
2024-01-24 23:00:00,31579.968438279757,388.89210585649926,-0.09182276858510346
2024-01-25 00:00:00,31463.89439438819,504.9661497480665,0.14216856937014863
2024-01-25 01:00:00,31528.52649650854,440.33404762771534,-0.20104009215139723
2024-01-25 02:00:00,31660.538064219087,308.3224799171694,1.4737753941041944
2024-01-25 03:00:00,31744.235679914986,224.6248642212704,2.4202603146781896
2024-01-25 04:00:00,31637.32365848881,331.53688564744516,0.4946242996525245
2024-01-25 05:00:00,31741.112001275396,227.74854286085974,0.6878893979230741
2024-01-25 06:00:00,31845.01901061913,123.84153351712666,1.973114386448994
2024-01-25 07:00:00,31944.821142015055,24.03940212120142,1.3976691161129282
2024-01-25 08:00:00,32178.49374652998,0.0,3.7054367364996788
2024-01-25 09:00:00,32118.707578083693,59.786168446287775,2.642556659449698
2024-01-25 10:00:00,32212.580337771473,0.0,2.6332675762524325
2024-01-25 11:00:00,32316.70519672076,0.0,2.478331153575585
2024-01-25 12:00:00,32228.426074348605,88.27912237215423,2.963347922944611
2024-01-25 13:00:00,32312.10246793305,4.602728787707747,4.485088669029902
2024-01-25 14:00:00,32245.833068729167,70.8721279915917,4.666376285430116
2024-01-25 15:00:00,32379.12920718017,0.0,6.73115181002018
2024-01-25 16:00:00,32275.185029310018,103.94417787015118,6.3173843414538755
2024-01-25 17:00:00,32466.487387882094,0.0,8.294785897223061
2024-01-25 18:00:00,32591.338649354526,0.0,8.677310498756622
2024-01-25 19:00:00,32754.513010121078,0.0,8.654596885734874
2024-01-25 20:00:00,32901.15409561861,0.0,11.28422940994096
2024-01-25 21:00:00,33015.36609616307,0.0,11.62515349257939
2024-01-25 22:00:00,32917.64475420055,97.72134196251864,9.284418122832099
2024-01-25 23:00:00,33104.778875118536,0.0,9.732476413559109
2024-01-26 00:00:00,33036.96821655152,67.81065856701753,10.284603812407822
2024-01-26 01:00:00,33305.16184128249,0.0,10.643333633118347
2024-01-26 02:00:00,33424.86880024455,0.0,10.729094935516823
2024-01-26 03:00:00,33660.83769555491,0.0,11.163863644405248
2024-01-26 04:00:00,33812.10711658203,0.0,10.981357245403181
2024-01-26 05:00:00,33866.12345877215,0.0,12.213964888940552
2024-01-26 06:00:00,34002.17531225556,0.0,12.4520272813219
2024-01-26 07:00:00,33893.78250720068,108.39280505487841,10.23998465921685
2024-01-26 08:00:00,33989.52498087279,12.650331382770673,12.075824837205507
2024-01-26 09:00:00,34098.25445437384,0.0,12.238557790357616
2024-01-26 10:00:00,33994.490826573754,103.7636278000864,11.687349422929344
2024-01-26 11:00:00,33904.327212298536,193.9272420753041,9.717059160885567
2024-01-26 12:00:00,34072.70129557225,25.553158801587415,12.03088370167169
2024-01-26 13:00:00,34207.02481126363,0.0,11.83875906323377
2024-01-26 14:00:00,34123.6901906539,83.33462060973397,9.945504735501235
2024-01-26 15:00:00,34227.75586507959,0.0,9.680352395417572
2024-01-26 16:00:00,34342.27687234213,0.0,9.533265765721728
2024-01-26 17:00:00,34429.35162680836,0.0,9.381025206308777
2024-01-26 18:00:00,34630.42079157983,0.0,11.709312715519761
2024-01-26 19:00:00,34593.07407476593,37.346716813903186,10.129189957587641
2024-01-26 20:00:00,34759.465133408085,0.0,12.066832665016372
2024-01-26 21:00:00,34955.67864038498,0.0,12.102814135028318
2024-01-26 22:00:00,35148.60119621781,0.0,12.350771275302618
2024-01-26 23:00:00,35286.870167719935,0.0,12.190773480796942
2024-01-27 00:00:00,35510.07902965756,0.0,12.304608158248136
2024-01-27 01:00:00,35709.92196833085,0.0,13.044854042855015
2024-01-27 02:00:00,35914.745430021394,0.0,13.24309110566954
2024-01-27 03:00:00,35795.97511139651,118.77031862488366,13.05830718198247
2024-01-27 04:00:00,35694.69040995716,220.05502006423194,10.943235908897671
2024-01-27 05:00:00,35847.59154669758,67.15388332381553,11.151625762916941
2024-01-27 06:00:00,36057.59549451892,0.0,13.785992503164357
2024-01-27 07:00:00,36183.000372143615,0.0,16.478892182592688
2024-01-27 08:00:00,36302.76313891671,0.0,16.235812955130616
2024-01-27 09:00:00,36342.484836061754,0.0,15.405008446444194
2024-01-27 10:00:00,36522.42455553985,0.0,18.757157607518277
2024-01-27 11:00:00,36705.84157997576,0.0,19.20849810975235
2024-01-27 12:00:00,36876.329719773734,0.0,19.548084552377478
2024-01-27 13:00:00,36983.27532426506,0.0,19.760391005421038
2024-01-27 14:00:00,37218.273192993875,0.0,19.725610822940915
2024-01-27 15:00:00,37421.85035060562,0.0,23.01557724169435
2024-01-27 16:00:00,37517.3686987385,0.0,22.362706510318453
2024-01-27 17:00:00,37628.130603332116,0.0,21.8524202764241
2024-01-27 18:00:00,37803.67020775849,0.0,21.818687521530222
2024-01-27 19:00:00,38005.1992370397,0.0,22.06029396144124
2024-01-27 20:00:00,38185.06064795237,0.0,22.062328209954824
2024-01-27 21:00:00,38056.610207825644,128.45044012672588,16.74967280224215
2024-01-27 22:00:00,38219.63232099232,0.0,16.652910350846486
2024-01-27 23:00:00,38342.690228182684,0.0,21.26517474800828
2024-01-28 00:00:00,38245.55055416592,97.139674016762,21.41731009230333
2024-01-28 01:00:00,38382.37814336181,0.0,21.318150435360334
2024-01-28 02:00:00,38296.45617105607,85.92197230574675,17.185918217373064
2024-01-28 03:00:00,38369.67756489571,12.700578466101433,16.73672729131078
2024-01-28 04:00:00,38239.177071038415,143.20107232339797,13.174262462181492
2024-01-28 05:00:00,38376.9730473547,5.405096007110842,13.897026080069438
2024-01-28 06:00:00,38558.076546870005,0.0,13.90000963839964
2024-01-28 07:00:00,38774.523212846776,0.0,13.95192888590215
2024-01-28 08:00:00,38931.76760450162,0.0,13.905195779372603
2024-01-28 09:00:00,39082.96275666587,0.0,14.144390027759725
2024-01-28 10:00:00,38993.99223545561,88.97052121025627,11.625995302810969
2024-01-28 11:00:00,39038.99091007303,43.97184659283812,10.833334999494507
2024-01-28 12:00:00,39286.69878176054,0.0,11.305239278778483
2024-01-28 13:00:00,39411.41144654744,0.0,11.378730110272823
2024-01-28 14:00:00,39524.28723492052,0.0,11.113804721080797
2024-01-28 15:00:00,39409.72805985949,114.55917506103287,8.744508374583042
2024-01-28 16:00:00,39637.436080895226,0.0,8.862470416284921
2024-01-28 17:00:00,39830.134879722835,0.0,11.388252662929801
2024-01-28 18:00:00,39741.724579257185,88.41030046564993,9.413091574363506
2024-01-28 19:00:00,39881.50101820788,0.0,9.488700630320972
2024-01-28 20:00:00,39747.58255815975,133.91846004812396,9.061354286217043
2024-01-28 21:00:00,39666.26389487676,215.23712333111325,7.5386976161096175
2024-01-28 22:00:00,39828.92215677866,52.578861429217795,9.212123991353206
2024-01-28 23:00:00,40019.93935740928,0.0,9.73988461248475
2024-01-29 00:00:00,40159.646385865264,0.0,12.174081640026676
2024-01-29 01:00:00,40272.317468538255,0.0,12.045164893077342
2024-01-29 02:00:00,40419.229258545245,0.0,11.924694989157022
2024-01-29 03:00:00,40593.20133444955,0.0,11.831802235092304
2024-01-29 04:00:00,40720.39529307584,0.0,11.701179604466512
2024-01-29 05:00:00,40879.466624081535,0.0,11.731085593121207
2024-01-29 06:00:00,40796.66045847877,82.80616560276394,11.817063171847686
2024-01-29 07:00:00,40857.367133882064,22.099490199470893,11.945438786339
2024-01-29 08:00:00,41003.33714641722,0.0,11.75442395602287
2024-01-29 09:00:00,41111.68434356718,0.0,11.665649184198891
2024-01-29 10:00:00,41285.78767993395,0.0,11.923350751742962
2024-01-29 11:00:00,41196.84967435348,88.93800558047224,12.329264803432844
2024-01-29 12:00:00,41344.229451824605,0.0,12.17103440538244
2024-01-29 13:00:00,41295.352617312274,48.8768345123317,10.370031445338125
2024-01-29 14:00:00,41188.05109793102,156.17835389358515,10.100973583564487
2024-01-29 15:00:00,41323.05918811727,21.170263707332197,10.080449270453126
2024-01-29 16:00:00,41267.36722090082,76.8622309237835,11.251882184516175
2024-01-29 17:00:00,41358.97824333743,0.0,13.352118458946606
2024-01-29 18:00:00,41453.7351036843,0.0,13.02871265511719
2024-01-29 19:00:00,41614.76217503499,0.0,12.989702051805978
2024-01-29 20:00:00,41709.64756754317,0.0,12.747699294098968
2024-01-29 21:00:00,41893.71554306532,0.0,12.978072286834461
2024-01-29 22:00:00,42011.85015571388,0.0,12.851424689231806
2024-01-29 23:00:00,41925.601756820426,86.24839889345458,10.33212841078396
2024-01-30 00:00:00,42090.21139323674,0.0,10.469216863794406
2024-01-30 01:00:00,42230.84494231643,0.0,10.405187067981776
2024-01-30 02:00:00,42115.057506620906,115.78743569552171,9.886629478606608
2024-01-30 03:00:00,42334.47439553133,0.0,10.53907590483691
2024-01-30 04:00:00,42249.72245472157,84.75194080976507,8.582851314559871
2024-01-30 05:00:00,42596.034340043385,0.0,8.965225914688286
2024-01-30 06:00:00,42478.93935219622,117.09498784716561,6.972542029111991
2024-01-30 07:00:00,42645.41478897487,0.0,8.638553971080427
2024-01-30 08:00:00,42758.8669751891,0.0,8.486708379628254
2024-01-30 09:00:00,42946.76306768528,0.0,9.957916094032628
2024-01-30 10:00:00,43060.82144830484,0.0,11.996831557458641
2024-01-30 11:00:00,43248.07171394871,0.0,12.187867982814002
2024-01-30 12:00:00,43441.529443573556,0.0,14.168200197869115
2024-01-30 13:00:00,43568.75246727236,0.0,14.400600281939234
2024-01-30 14:00:00,43495.033871048254,73.71859622410557,12.600972230028985
2024-01-30 15:00:00,43718.6674048358,0.0,12.763759320894959
2024-01-30 16:00:00,43637.88179869183,80.78560614397429,11.147131260267141
2024-01-30 17:00:00,43532.166705511896,186.5006993239076,9.110573371917189
2024-01-30 18:00:00,43672.8218976038,45.84550723200664,9.210698780123325
2024-01-30 19:00:00,43741.29823541804,0.0,10.475517934266271
2024-01-30 20:00:00,43843.8524093768,0.0,10.195822850916098
2024-01-30 21:00:00,43796.273305314266,47.57910406253359,8.930172870073724
2024-01-30 22:00:00,43919.82441991106,0.0,10.880230794123358
2024-01-30 23:00:00,43788.12769062826,131.69672928280488,8.432023908927771
2024-01-31 00:00:00,43869.71193868662,50.11248122444522,9.761624508886936
2024-01-31 01:00:00,43829.33021866354,90.49420124752214,8.264935372655021
2024-01-31 02:00:00,43737.25082110355,182.57359880751028,8.567838037438287
2024-01-31 03:00:00,43950.868496108895,0.0,8.69119683317049
2024-01-31 04:00:00,44044.3583098752,0.0,8.582881410643099
2024-01-31 05:00:00,44314.94214365412,0.0,8.708550302403104
2024-01-31 06:00:00,44186.38458985346,128.55755380066694,6.786919237465493
2024-01-31 07:00:00,44088.70900540902,226.23313824510115,5.049821255806973
2024-01-31 08:00:00,43931.4747786727,383.46736498142127,2.89712184233843
2024-01-31 09:00:00,44038.45552813372,276.48661552039994,2.792844960333945
2024-01-31 10:00:00,43970.936259750335,344.00588390378834,2.8346025633577607
2024-01-31 11:00:00,44097.380027159445,217.56211649467878,2.362726789966624
2024-01-31 12:00:00,44171.412723385605,143.52942026851815,3.373374458367467
2024-01-31 13:00:00,43986.44805544229,328.4940882118317,2.7511546502824773
2024-01-31 14:00:00,44145.96924993854,168.97289371558145,2.844617260635363
2024-01-31 15:00:00,44318.43018600279,0.0,3.3714812495921076
2024-01-31 16:00:00,44451.302725959904,0.0,3.5218767193996836
2024-01-31 17:00:00,44356.4166390898,94.88608687010128,3.205122121809285
2024-01-31 18:00:00,44564.3703423376,0.0,3.577742280224974
2024-01-31 19:00:00,44697.55760540355,0.0,5.184551888780973
2024-01-31 20:00:00,44580.891202018945,116.66640338460275,3.9332947489327905
2024-01-31 21:00:00,44487.022872967034,210.53473243651388,3.5881148000514527
2024-01-31 22:00:00,44341.58876369161,355.9688417119396,3.2331897061744574
2024-01-31 23:00:00,44507.66842425857,189.88918114497937,3.034858348494847
2024-02-01 00:00:00,44594.20189943123,103.35570597231708,3.0001736745846976
2024-02-01 01:00:00,44829.327632337714,0.0,2.8644375519588903
2024-02-01 02:00:00,44765.34358209193,63.98405024578096,3.29283139119402
2024-02-01 03:00:00,44922.361575584335,0.0,4.759929141128322
2024-02-01 04:00:00,44981.46261431498,0.0,6.3666995254110645
2024-02-01 05:00:00,44904.25398317951,77.20863113547239,5.154473245025098
2024-02-01 06:00:00,45106.34021638245,0.0,6.668329202741281
2024-02-01 07:00:00,45285.517431533044,0.0,6.879714721256055
2024-02-01 08:00:00,45399.03730804267,0.0,7.082257762476076
2024-02-01 09:00:00,45567.10817390633,0.0,9.916669284631766
2024-02-01 10:00:00,45702.06518654929,0.0,9.817284262861374
2024-02-01 11:00:00,45791.59133977835,0.0,9.439017534797705
2024-02-01 12:00:00,45917.41326558602,0.0,9.406558067984363
2024-02-01 13:00:00,46036.80491972828,0.0,11.351162554206061
2024-02-01 14:00:00,46091.337115352915,0.0,10.637335313237871
2024-02-01 15:00:00,46030.8861850985,60.45093025441747,9.04229445137672
2024-02-01 16:00:00,46182.95246671203,0.0,11.549083482047669
2024-02-01 17:00:00,46096.24253062545,86.70993608657591,11.662676994039971
2024-02-01 18:00:00,46009.210419144474,173.74204756755353,12.750771468088974
2024-02-01 19:00:00,45923.31174476552,259.6407219465109,10.362646400259349
2024-02-01 20:00:00,45736.10209818587,446.8503685261603,7.388014102686646
2024-02-01 21:00:00,45867.36099535478,315.59147135724925,7.053827494371559
2024-02-01 22:00:00,45994.40647984383,188.545986868201,8.5111601815545
2024-02-01 23:00:00,46109.67646138567,73.27600532635552,8.328226836075578
2024-02-02 00:00:00,46193.819865388345,0.0,8.493720221183528
2024-02-02 01:00:00,46382.621261080516,0.0,10.48946259933879
2024-02-02 02:00:00,46311.97392444136,70.64733663915831,8.540820912788245
2024-02-02 03:00:00,46488.08105173805,0.0,8.531978650636233
2024-02-02 04:00:00,46414.86966784132,73.21138389673433,7.015287309910536
2024-02-02 05:00:00,46656.35067792712,0.0,7.2083077728617155
2024-02-02 06:00:00,46787.73472528022,0.0,7.192075014441097
2024-02-02 07:00:00,46959.60038463217,0.0,7.569500568505605
2024-02-02 08:00:00,47061.98456559523,0.0,7.452183987110156
2024-02-02 09:00:00,47178.1348086723,0.0,7.436256370100875
2024-02-02 10:00:00,47113.639618679,64.4951899933003,6.500615826760897
2024-02-02 11:00:00,47204.73757531018,0.0,7.620285834031741
2024-02-02 12:00:00,47302.23053833007,0.0,7.362048440982716
2024-02-02 13:00:00,47490.105295796944,0.0,9.281626787691932
2024-02-02 14:00:00,47597.76274749068,0.0,11.105119550329617
2024-02-02 15:00:00,47810.24369275551,0.0,13.587350651898157
2024-02-02 16:00:00,47906.70107182129,0.0,19.54973466185004
2024-02-02 17:00:00,47864.043644435485,42.65742738580593,16.834428856148712
2024-02-02 18:00:00,48014.66861053085,0.0,16.942347300800463
2024-02-02 19:00:00,48308.08876331418,0.0,16.78118929135319
2024-02-02 20:00:00,48214.95865508796,93.13010822622164,14.143931028637748
2024-02-02 21:00:00,48272.06358251804,36.025180796139466,13.405505446846496
2024-02-02 22:00:00,48378.01016568498,0.0,15.631810684459518
2024-02-02 23:00:00,48492.399127502526,0.0,15.363337664206563
2024-02-03 00:00:00,48598.482973643535,0.0,18.211962658478072
2024-02-03 01:00:00,48729.58257869262,0.0,18.251689032290024
2024-02-03 02:00:00,48602.09435567571,127.48822301690961,13.906297617133754
2024-02-03 03:00:00,48542.75763970888,186.82493898374378,11.757717348317515
2024-02-03 04:00:00,48585.13846247842,144.44411621420295,11.295623889940059
2024-02-03 05:00:00,48778.96124475356,0.0,11.55872162432175
2024-02-03 06:00:00,48721.517185108,57.44405964556063,11.660303490318022
2024-02-03 07:00:00,48546.88292541195,232.07831934161368,8.637716369223567
2024-02-03 08:00:00,48412.28241009407,366.67883465949126,6.725683721053564
2024-02-03 09:00:00,48346.40184636501,432.5593983885483,5.23667747893788
2024-02-03 10:00:00,48299.23749011104,479.723754642524,4.271929649462613
2024-02-03 11:00:00,48449.22180648045,329.7394382731145,4.007653643706467
2024-02-03 12:00:00,48596.52656403016,182.4346807234033,4.263857156000205
2024-02-03 13:00:00,48697.41138501129,81.5498597422702,5.172392705494384
2024-02-03 14:00:00,48902.605252177105,0.0,5.385005647603753
2024-02-03 15:00:00,49076.36363950188,0.0,5.028126869537076
2024-02-03 16:00:00,49305.85558841091,0.0,6.967170998478249
2024-02-03 17:00:00,49484.55914945561,0.0,7.55719631837459
2024-02-03 18:00:00,49353.76807322563,130.7910762299798,5.79035540772474
2024-02-03 19:00:00,49565.268101861584,0.0,6.172648889646749
2024-02-03 20:00:00,49736.683936480345,0.0,6.451951661039145
2024-02-03 21:00:00,49890.54176129123,0.0,6.547047790318593
2024-02-03 22:00:00,49982.87514113094,0.0,8.18408096885292
2024-02-03 23:00:00,50048.5079237754,0.0,9.1596633754073
2024-02-04 00:00:00,50218.53199310072,0.0,9.829185142996087
2024-02-04 01:00:00,50375.08525241151,0.0,9.708857970344788
2024-02-04 02:00:00,50550.383530084306,0.0,11.34460491002219
2024-02-04 03:00:00,50663.96991996397,0.0,15.057600407226635
2024-02-04 04:00:00,50539.48340262772,124.48651733625593,15.284267349169282
2024-02-04 05:00:00,50693.3905557762,0.0,18.065216148788885
2024-02-04 06:00:00,50868.67001786799,0.0,21.198676322313162
2024-02-04 07:00:00,51093.125673284405,0.0,21.30585649076212
2024-02-04 08:00:00,51006.204934969406,86.92073831499874,17.407679837304798
2024-02-04 09:00:00,51029.59263070842,63.53304257598211,16.53562113871681
2024-02-04 10:00:00,50909.344610144704,183.78106313970056,13.095799131693882
2024-02-04 11:00:00,51039.190810691456,53.934862592948775,12.915736621156206
2024-02-04 12:00:00,51158.82308903085,0.0,12.595539132660079
2024-02-04 13:00:00,51304.9620367697,0.0,12.48546171224294
2024-02-04 14:00:00,51478.28930234221,0.0,16.13961582033105
2024-02-04 15:00:00,51695.600590152346,0.0,16.134997162226565
2024-02-04 16:00:00,51852.87665004076,0.0,16.09147173548229
2024-02-04 17:00:00,51734.45297309051,118.42367695024586,12.726336871198388
2024-02-04 18:00:00,51860.57069396031,0.0,12.931401227366308
2024-02-04 19:00:00,51947.81392536164,0.0,13.10042157137099
2024-02-04 20:00:00,51898.68561169597,49.12831366567116,11.306373287022684
2024-02-04 21:00:00,52143.550046434626,0.0,11.469990276263905
2024-02-04 22:00:00,52031.19534536572,112.35470106890716,9.154840162007423
2024-02-04 23:00:00,52187.791743704314,0.0,9.344091661385928
2024-02-05 00:00:00,52066.281259230476,121.510484473838,9.379830261547273
2024-02-05 01:00:00,52152.05204594548,35.73969775883597,9.049549964642344
2024-02-05 02:00:00,52359.73156311132,0.0,9.139137649586857
2024-02-05 03:00:00,52579.049032974464,0.0,9.12937994944281
2024-02-05 04:00:00,52524.95488894037,54.09414403409755,9.474991555282537
2024-02-05 05:00:00,52708.201247055455,0.0,10.347289717544346
2024-02-05 06:00:00,52898.976298177666,0.0,13.0109638998005
2024-02-05 07:00:00,52797.533642957744,101.44265521992202,10.81027490825177
2024-02-05 08:00:00,52922.44443331717,0.0,10.836547530621447
2024-02-05 09:00:00,52781.27046688065,141.1739664365232,8.487342496919716
2024-02-05 10:00:00,52953.008970108494,0.0,8.48188409201942
2024-02-05 11:00:00,53126.78050423483,0.0,8.355953251011389
2024-02-05 12:00:00,53228.497264058664,0.0,8.10803844306277
2024-02-05 13:00:00,53177.37225500569,51.12500905297202,8.77492902340124
2024-02-05 14:00:00,53317.47536855646,0.0,8.836864445733484
2024-02-05 15:00:00,53570.87068546464,0.0,9.406578125095098
2024-02-05 16:00:00,53754.818034852746,0.0,10.897780884739744
2024-02-05 17:00:00,53864.19791740587,0.0,10.466830871460651
2024-02-05 18:00:00,53784.80989128164,79.38802612423024,10.871747160023489
2024-02-05 19:00:00,54008.13693424557,0.0,11.049751901072977
2024-02-05 20:00:00,54066.13304702029,0.0,13.095116088567366
2024-02-05 21:00:00,53965.164628688806,100.9684183314821,11.130741381482178
2024-02-05 22:00:00,53799.46697753945,266.6660694808379,8.271384615064918
2024-02-05 23:00:00,54009.19658856514,56.936458455151296,8.247491932849957
2024-02-06 00:00:00,54144.32247852145,0.0,9.519180691399573
2024-02-06 01:00:00,54359.92166545014,0.0,9.604405686762282
2024-02-06 02:00:00,54616.16023560099,0.0,9.737416438570786
2024-02-06 03:00:00,54832.72718870041,0.0,11.915579375290985
2024-02-06 04:00:00,55044.70638902249,0.0,12.230187105932444
2024-02-06 05:00:00,54932.81949867943,111.88689034305571,12.640990214390202
2024-02-06 06:00:00,54901.92866124258,142.7777277799105,11.241638078380106
2024-02-06 07:00:00,54757.545334548384,287.1610544741052,8.839905975496407
2024-02-06 08:00:00,54924.35258269969,120.35380632279703,9.118595847787766
2024-02-06 09:00:00,54817.52829490109,227.17809412140195,8.632539247144965
2024-02-06 10:00:00,54694.132706514436,350.573682508053,6.96637334225342
2024-02-06 11:00:00,54898.231946976935,146.4744420455536,6.8340614071748735
2024-02-06 12:00:00,54998.94175654354,45.764632478945714,6.4996887710043785
2024-02-06 13:00:00,55134.734001647106,0.0,6.613930359368034
2024-02-06 14:00:00,55009.70431028236,125.02969136474712,6.270584899668495
2024-02-06 15:00:00,54932.62520372954,202.10879791756452,4.794253861905961
2024-02-06 16:00:00,54822.45153535144,312.28246629566274,3.8249569845008153
2024-02-06 17:00:00,54990.95459111489,143.7794105322173,5.220284623313258
2024-02-06 18:00:00,55153.88764850766,0.0,7.211993174624096
2024-02-06 19:00:00,55314.52463730054,0.0,7.048549711913067
2024-02-06 20:00:00,55464.88356064594,0.0,7.110493185581237
2024-02-06 21:00:00,55510.55967772738,0.0,6.378965025420794
2024-02-06 22:00:00,55446.34173268988,64.21794503750425,4.789245673900492
2024-02-06 23:00:00,55533.44832489443,0.0,4.218513667035858
2024-02-07 00:00:00,55626.297359290744,0.0,3.6639992383561766
2024-02-07 01:00:00,55550.90210489341,75.39525439733552,3.9534851651636793
2024-02-07 02:00:00,55709.83684073393,0.0,5.07509884762365
2024-02-07 03:00:00,55921.29757994878,0.0,7.449388258142163
2024-02-07 04:00:00,56132.20731553649,0.0,7.584755277732345
2024-02-07 05:00:00,56335.0757308054,0.0,9.731251107350353
2024-02-07 06:00:00,56267.030889776834,68.04484102856804,10.435254688528879
2024-02-07 07:00:00,56489.66172705114,0.0,10.462912661080033
2024-02-07 08:00:00,56660.86507012707,0.0,10.777544966417299
2024-02-07 09:00:00,56812.8374225391,0.0,10.845309900767635
2024-02-07 10:00:00,56953.76496907673,0.0,13.65443200388599
2024-02-07 11:00:00,57098.44811895016,0.0,16.271856135533124
2024-02-07 12:00:00,57188.46324253189,0.0,20.29618779872677
2024-02-07 13:00:00,57222.65604938345,0.0,18.932703937694207
2024-02-07 14:00:00,57108.92059779797,113.73545158547495,14.738289503847025
2024-02-07 15:00:00,57250.952486190676,0.0,14.668229744770983
2024-02-07 16:00:00,57417.0364132595,0.0,14.71980892184345
2024-02-07 17:00:00,57575.43940355784,0.0,15.556367014850856
2024-02-07 18:00:00,57788.08153527921,0.0,18.53887510867562
2024-02-07 19:00:00,57915.670304464205,0.0,18.90248658991605
2024-02-07 20:00:00,57823.99105832315,91.67924614105868,15.780585820634235
2024-02-07 21:00:00,57972.87710936396,0.0,18.88713245901241
2024-02-07 22:00:00,58074.10880800005,0.0,18.493767856817307
2024-02-07 23:00:00,58013.21404595809,60.89476204195671,15.597758640767776
2024-02-08 00:00:00,58124.11387133254,0.0,15.2751941737674
2024-02-08 01:00:00,58236.12871545853,0.0,14.986155509291649
2024-02-08 02:00:00,58073.86107518617,162.26764027235913,12.984273405022439
2024-02-08 03:00:00,58219.557590546625,16.571124911904917,12.846357321145684
2024-02-08 04:00:00,58129.04834019271,107.08037526581757,10.416767358761224
2024-02-08 05:00:00,58234.7859058865,1.3428095720300917,10.201629949689673
2024-02-08 06:00:00,58152.370879898284,83.75783556024544,8.314625269165978
2024-02-08 07:00:00,58039.99846535179,196.13025010674028,6.293081722062376
2024-02-08 08:00:00,58181.78170505752,54.347010401012085,6.554129863056963
2024-02-08 09:00:00,58342.386372711226,0.0,7.241313749556461
2024-02-08 10:00:00,58494.12206014885,0.0,9.344180007520407
2024-02-08 11:00:00,58545.69684947695,0.0,8.824898231076826
2024-02-08 12:00:00,58676.555989996305,0.0,8.68587308250562
2024-02-08 13:00:00,58820.369542682565,0.0,8.629643127287988
2024-02-08 14:00:00,58936.86378265986,0.0,8.30596081840133
2024-02-08 15:00:00,58872.01532010134,64.8484625585188,6.794275476124009
2024-02-08 16:00:00,58765.9395932894,170.92418937046023,6.633331391967074
2024-02-08 17:00:00,58889.52474095625,47.3390417036062,6.516772456778408
2024-02-08 18:00:00,59008.80858375144,0.0,6.612942454577692
2024-02-08 19:00:00,59123.31913413976,0.0,7.997842554560911
2024-02-08 20:00:00,59247.08601378642,0.0,8.062921216899177
2024-02-08 21:00:00,59161.89565921572,85.19035457070277,6.443318070788789
2024-02-08 22:00:00,59242.10619910609,4.979814680329582,8.997058495263367
2024-02-08 23:00:00,59421.673661194014,0.0,9.101357739726188
2024-02-09 00:00:00,59310.51792472565,111.15573646836128,8.80645055055435
2024-02-09 01:00:00,59424.09484364164,0.0,8.848674886877044
2024-02-09 02:00:00,59504.583747383964,0.0,10.58837633819277
2024-02-09 03:00:00,59662.471819348655,0.0,13.722862466806468
2024-02-09 04:00:00,59859.97261078214,0.0,13.799417685872823
2024-02-09 05:00:00,60022.122846884864,0.0,13.802799221725623
2024-02-09 06:00:00,60168.91895867743,0.0,13.787358476607901
2024-02-09 07:00:00,60345.733504153286,0.0,14.539350826919499
2024-02-09 08:00:00,60476.08086630022,0.0,14.53686404432067
2024-02-09 09:00:00,60406.12982105647,69.9510452437462,12.152296258502318
2024-02-09 10:00:00,60639.58329734779,0.0,12.40498685809107
2024-02-09 11:00:00,60511.30655717403,128.2767401737583,11.3803000368049
2024-02-09 12:00:00,60711.78014660383,0.0,14.276751386825135
2024-02-09 13:00:00,60819.53307467415,0.0,14.179555367872121
2024-02-09 14:00:00,60775.198174117984,44.33490055616858,12.481425794181558
2024-02-09 15:00:00,60936.40991134475,0.0,12.692373883076133
2024-02-09 16:00:00,61134.42515115882,0.0,12.945791730834257
2024-02-09 17:00:00,61307.54933236216,0.0,15.648749688416364
2024-02-09 18:00:00,61520.02457739747,0.0,16.274905191958393
2024-02-09 19:00:00,61603.385707523485,0.0,15.71687038706538
2024-02-09 20:00:00,61732.77467027226,0.0,19.77132930204415
2024-02-09 21:00:00,61660.17888223278,72.59578803947807,16.66918764146969
2024-02-09 22:00:00,61625.701784234196,107.07288603806228,15.133352057844554
2024-02-09 23:00:00,61804.22714465192,0.0,15.19860135617182
2024-02-10 00:00:00,61956.69256122793,0.0,15.077490951245428
2024-02-10 01:00:00,62145.134545026376,0.0,15.146938709270357
2024-02-10 02:00:00,62275.27477921908,0.0,15.063070027056654
2024-02-10 03:00:00,62142.206687005404,133.0680922136744,11.725538315874621
2024-02-10 04:00:00,62083.08357258678,192.19120663229842,10.155528408699576
2024-02-10 05:00:00,62315.1143007612,0.0,12.148170533605587
2024-02-10 06:00:00,62561.286590502445,0.0,12.154007375029858
2024-02-10 07:00:00,62672.555842001515,0.0,15.067709092389467
2024-02-10 08:00:00,62718.66525100871,0.0,14.161988728814988
2024-02-10 09:00:00,62609.05631687261,109.60893413610029,11.658157136535388
2024-02-10 10:00:00,62690.71339870857,27.951852300138853,12.912906786061361
2024-02-10 11:00:00,62870.34176240094,0.0,12.96995785473704
2024-02-10 12:00:00,62740.79196862643,129.54979377450945,10.118381626448397
2024-02-10 13:00:00,62900.7259691038,0.0,10.073484406619944
2024-02-10 14:00:00,63024.841340460334,0.0,9.780624923557808
2024-02-10 15:00:00,63170.43677825888,0.0,10.101857789157542
2024-02-10 16:00:00,63400.363683863696,0.0,10.397419117758155
2024-02-10 17:00:00,63590.4701067946,0.0,12.369036010557762
2024-02-10 18:00:00,63489.80109828306,100.6690085115406,11.527304835986907
2024-02-10 19:00:00,63605.35682115429,0.0,11.264174815707541
2024-02-10 20:00:00,63750.139681504945,0.0,11.232709285907845
2024-02-10 21:00:00,63661.93889300511,88.20078849983838,9.230848071582743
2024-02-10 22:00:00,63590.79850867726,159.3411728276842,7.80757346691441
2024-02-10 23:00:00,63728.94791017663,21.191771328318282,9.992134568838246
2024-02-11 00:00:00,63819.48628692277,0.0,11.319231116698534
2024-02-11 01:00:00,64022.18557548192,0.0,11.283336583803687
2024-02-11 02:00:00,64152.76822856686,0.0,11.023408242006766
2024-02-11 03:00:00,64287.487273013445,0.0,11.141070764483466
2024-02-11 04:00:00,64213.27481918375,74.2124538296921,9.886007690987299
2024-02-11 05:00:00,64115.66886370551,171.8184093079326,10.044430753901931
2024-02-11 06:00:00,64259.99483141141,27.492441602036706,10.375454283409274
2024-02-11 07:00:00,64166.641585620135,120.84568739331007,8.33699887682565
2024-02-11 08:00:00,64241.63049254779,45.8567804656559,10.392897538329157
2024-02-11 09:00:00,64352.68864040677,0.0,10.178107346902323
2024-02-11 10:00:00,64492.671011517064,0.0,10.249981636922694
2024-02-11 11:00:00,64399.62627428111,93.04473723595584,8.259472910674322
2024-02-11 12:00:00,64292.34531184635,200.32569967071322,6.0578689229715215
2024-02-11 13:00:00,64347.844803287204,144.82620822986064,5.376173616271352
2024-02-11 14:00:00,64221.422180599126,271.2488309179389,5.110503646281214
2024-02-11 15:00:00,64461.35843151669,31.31258000037633,5.600174658584546
